id,title,label,url
0, uyazethemba umfundi odlule ebunzimeni ,"economy, business and finance",http://www.iol.co.za/isolezwe/uyazethemba-umfundi-odlule-ebunzimeni-2088866
1, akulungiswe isimo kungakonakali mbeki ,politics,http://www.iol.co.za/isolezwe/akulungiswe-isimo-kungakonakali-mbeki-2088850
2, ubezivikela oshise iphoyisa ngepharishi ,"crime, law and justice",http://www.iol.co.za/isolezwe/ubezivikela-oshise-iphoyisa-ngepharishi-2078609
3, i popcru ikhathazekile ngezokuphepha emajele ,"crime, law and justice",http://www.iol.co.za/isolezwe/izindaba/i-popcru-ikhathazekile-ngezokuphepha-emajele-7285814
4, ezokungcebeleka/utrevor noah nengxoxo ekhethekile nobarack obama ,politics,http://www.iol.co.za/isolezwe/ezokungcebeleka/utrevor-noah-nengxoxo-ekhethekile-nobarack-obama-2096189
5, sebeshaywe ngesithende abaholi benfp ,politics,http://www.iol.co.za/isolezwe/izindaba/sebeshaywe-ngesithende-abaholi-benfp-7285810
6, kusenele isiboshwa sodumo lokweqa emajele ,"crime, law and justice",http://www.iol.co.za/isolezwe/izindaba/kusenele-isiboshwa-sodumo-lokweqa-emajele-7286153
7, i anc iphawula ngecala likagordhan ,politics,http://www.iol.co.za/isolezwe/i-anc-iphawula-ngecala-likagordhan-2078975
8, akukho uzuma angakuxolisela anc ,politics,http://www.iol.co.za/isolezwe/akukho-uzuma-angakuxolisela-anc-2078970
9, udutshulwe esontweni umfundisi ,"crime, law and justice",http://www.iol.co.za/isolezwe/udutshulwe-esontweni-umfundisi-2078968
10, uzuma usola umadonsela ngokuhambisa ngesinxele ,politics,http://www.iol.co.za/isolezwe/uzuma-usola-umadonsela-ngokuhambisa-ngesinxele-2078624
11, sihlaziya umnotho kusazobhimba impela uma kukhulunywa ngezomnotho ,politics,http://www.iol.co.za/isolezwe/izindaba/sihlaziya-umnotho-kusazobhimba-impela-uma-kukhulunywa-ngezomnotho-7377728
12, uphuze owokukhipha idliso washona ,"crime, law and justice",http://www.iol.co.za/isolezwe/izindaba/uphuze-owokukhipha-idliso-washona-7489986
13, umalema ukhwele wadilika kuzuma ,"crime, law and justice",http://www.iol.co.za/isolezwe/izindaba/umalema-ukhwele-wadilika-kuzuma-7356195
14, abatokile bashaye abashushisi ngezihlalo ,"crime, law and justice",http://www.iol.co.za/isolezwe/izindaba/abatokile-bashaye-abashushisi-ngezihlalo-7490702
15, uhleka yedwa unina wesiboshwa esiyisiqengqe ,"crime, law and justice",http://www.iol.co.za/isolezwe/izindaba/uhleka-yedwa-unina-wesiboshwa-esiyisiqengqe-7404427
16, usesitokisini osolwa ngokubulala usana ,"crime, law and justice",http://www.iol.co.za/isolezwe/izindaba/usesitokisini-osolwa-ngokubulala-usana-7355174
17, umkhize uphika ukuthi ufuna esokuba yiphini likaramaphosa ,politics,http://www.iol.co.za/isolezwe/izindaba/umkhize-uphika-ukuthi-ufuna-esokuba-yiphini-likaramaphosa-7377587
18, kugxekwe oshuthe eselibeni likancwane ,society,http://www.iol.co.za/isolezwe/izindaba/kugxekwe-oshuthe-eselibeni-likancwane-7501559
19, wenze ezibukwayo owafeyila   matric ngo  ,society,http://www.iol.co.za/isolezwe/izindaba/wenze-ezibukwayo-owafeyila---matric-ngo-2010-7349814
20, uvalo kubulawa indodana yenduna ebisongelwa ,"crime, law and justice",http://www.iol.co.za/isolezwe/izindaba/uvalo-kubulawa-indodana-yenduna-ebisongelwa-7558290
21, ubebaleka owengozi yabafundi ,"crime, law and justice",http://www.iol.co.za/isolezwe/izindaba/ubebaleka-owengozi-yabafundi-7385300
22, uyaxolisa ohlale ethuneni likancwane ,"crime, law and justice",http://www.iol.co.za/isolezwe/izindaba/uyaxolisa-ohlale-ethuneni-likancwane-7509486
23, ukujiya kocansi nenselelo kubefundisi ,society,http://www.iol.co.za/isolezwe/izindaba/ukujiya-kocansi-nenselelo-kubefundisi-7433047
24, uqophe igama lakhe emlandweni wesikole ku matric ,education,http://www.iol.co.za/isolezwe/izindaba/uqophe-igama-lakhe-emlandweni-wesikole-ku-matric-7349901
25, uyofundela ubudokotela obelusa izinkomo ,education,http://www.iol.co.za/isolezwe/izindaba/uyofundela-ubudokotela-obelusa-izinkomo-7355256
26, itwetwe ngodlame eglebelands ,"crime, law and justice",http://www.iol.co.za/isolezwe/izindaba/itwetwe-ngodlame-eglebelands-7510261
27, ama aquarian angabantu babantu ,education,http://www.iol.co.za/isolezwe/izindaba/ama-aquarian-angabantu-babantu-7510480
28, umhlaziyi ubona uradebe ekulungele ukuba wumengameli ,politics,http://www.iol.co.za/isolezwe/izindaba/umhlaziyi-ubona-uradebe-ekulungele-ukuba-wumengameli-7483231
29, unqaba inhlawulo ngodlwenguliwe ,"crime, law and justice",http://www.iol.co.za/isolezwe/izindaba/unqaba-inhlawulo-ngodlwenguliwe-7544042
30, akafunwa endaweni osolwa ngokucwasa ,"crime, law and justice",http://www.iol.co.za/isolezwe/izindaba/akafunwa-endaweni-osolwa-ngokucwasa-7385354
31, aseqalile ukudayisa amasheya kareddy ,"economy, business and finance",http://www.iol.co.za/isolezwe/izindaba/aseqalile-ukudayisa-amasheya-kareddy-7512270
32, ayaphela amanzi kwezakhele owetheku ,society,http://www.iol.co.za/isolezwe/izindaba/ayaphela-amanzi-kwezakhele-owetheku-7490713
33, umsindonge anc awukapheli ,politics,http://www.iol.co.za/isolezwe/izindaba/umsindonge-anc-awukapheli-7558725
34, kuxwayiswa abazongena enyuvesi nonyaka ,education,http://www.iol.co.za/isolezwe/izindaba/kuxwayiswa-abazongena-enyuvesi-nonyaka-7325672
35, usola osonhlalakahle owaphucwa izingane ,"crime, law and justice",http://www.iol.co.za/isolezwe/izindaba/usola-osonhlalakahle-owaphucwa-izingane-7558580
36, i ancyl ixolisile ngekusho ngogordhan ,politics,http://www.iol.co.za/isolezwe/izindaba/i-ancyl-ixolisile-ngekusho-ngogordhan-7501415
37, ugqugquzela abanye ngencwadi ,society,http://www.iol.co.za/isolezwe/izindaba/ugqugquzela-abanye-ngencwadi-7811169
38, basola amaphoyisa kufa usomatekisi ,"crime, law and justice",http://www.isolezwe.co.za/izindaba/basola-amaphoyisa-kufa-usomatekisi-16522268
39, kuvulwe kabi kushona izingane ezine engozini ,"crime, law and justice",http://www.iol.co.za/isolezwe/izindaba/kuvulwe-kabi-kushona-izingane-ezine-engozini-7385297
40, ujika nelanga obezofunda edut ,education,http://www.iol.co.za/isolezwe/izindaba/ujika-nelanga-obezofunda-edut-7846172
41, isikhwele isosha libulala umlamu ,"crime, law and justice",http://www.iol.co.za/isolezwe/izindaba/isikhwele-isosha-libulala-umlamu-7575016
42, abantu abazilungiselele ngoba intela ingase inyuke   ungoti ,politics,http://www.iol.co.za/isolezwe/izindaba/abantu-abazilungiselele-ngoba-intela-ingase-inyuke---ungoti-7807037
43, ugwetshiwe umkhulu obedlwengula abazukulu ,"crime, law and justice",http://www.iol.co.za/isolezwe/izindaba/ugwetshiwe-umkhulu-obedlwengula-abazukulu-7584833
44, ubolele ekhaya labantu abadala ,"crime, law and justice",http://www.iol.co.za/isolezwe/izindaba/ubolele-ekhaya-labantu-abadala-7647597
45, usola amaphoyisa umndeni wowasikwa amabele ,"crime, law and justice",http://www.iol.co.za/isolezwe/izindaba/usola-amaphoyisa-umndeni-wowasikwa-amabele-7663597
46, bayanda abesifazane abalala nendoda zisuka ,society,http://www.iol.co.za/isolezwe/izindaba/bayanda-abesifazane-abalala-nendoda-zisuka-7679775
47, kuvuke iminjunju uyise edubula abafowabo ,"crime, law and justice",http://www.iol.co.za/isolezwe/izindaba/kuvuke-iminjunju-uyise-edubula-abafowabo-7874349
48, ukhala ngomsamu olahlwe elokudlwengula ,"crime, law and justice",http://www.iol.co.za/isolezwe/izindaba/ukhala-ngomsamu-olahlwe-elokudlwengula-7584859
49, isexwayiso kubantu ngamabhanoyi ,"economy, business and finance",http://www.iol.co.za/isolezwe/izindaba/isexwayiso-kubantu-ngamabhanoyi-7584820
50, imukelwe ngo elethu imali ugordhan ayabele i ecd ,education,http://www.iol.co.za/isolezwe/izindaba/imukelwe-ngo-elethu-imali-ugordhan-ayabele-i-ecd-7925782
51, owe anc ugoloza nehhovisi lomphakathi ,politics,http://www.iol.co.za/isolezwe/izindaba/owe-anc-ugoloza-nehhovisi-lomphakathi-7639114
52, lingase livalwe ibhishi labanqunu ,society,http://www.iol.co.za/isolezwe/izindaba/lingase-livalwe-ibhishi-labanqunu-7926148
53, bafuna ajeze obengungqongqoshe ,"crime, law and justice",http://www.iol.co.za/isolezwe/izindaba/bafuna-ajeze-obengungqongqoshe-7584974
54, kusenezithiyo kuleli ekuhushuleni isisu ,"crime, law and justice",http://www.iol.co.za/isolezwe/izindaba/kusenezithiyo-kuleli-ekuhushuleni-isisu-7860013
55, i anc ifuna kuhlakazwe izifundazwe ,politics,http://www.iol.co.za/isolezwe/izindaba/i-anc-ifuna-kuhlakazwe-izifundazwe-7832086
56, udubule amadodana ngoba kubangwa ugandaganda ,"crime, law and justice",http://www.iol.co.za/isolezwe/izindaba/udubule-amadodana-ngoba-kubangwa-ugandaganda-7859170
57, alichume isiko lokufunda ebantwini ,education,http://www.iol.co.za/isolezwe/izindaba/alichume-isiko-lokufunda-ebantwini-7894893
58, isabelo sezimali sihlasela ukungalingani ezweni ,"economy, business and finance",http://www.iol.co.za/isolezwe/izindaba/isabelo-sezimali-sihlasela-ukungalingani-ezweni-7937717
59, isibalo sabaxhaswe yinsfas ,education,http://www.iol.co.za/isolezwe/izindaba/isibalo-sabaxhaswe-yinsfas-7832076
60, umthengi unelungelo lokukhala ngolimi lwakhe ,society,http://www.iol.co.za/isolezwe/izindaba/umthengi-unelungelo-lokukhala-ngolimi-lwakhe-7639118
61, ukugxamalaza kwezikhulu zepsl kuyinkinga enkulu ebholeni lakithi ,society,http://www.iol.co.za/isolezwe/izindaba/ukugxamalaza-kwezikhulu-zepsl-kuyinkinga-enkulu-ebholeni-lakithi-7832072
62, kulimale umfundi empini yezigceme ,"crime, law and justice",http://www.iol.co.za/isolezwe/izindaba/kulimale-umfundi-empini-yezigceme-7846486
63, ubhuquza ekhaya umfundi oxoshelwe ukuba yisitabane ,"crime, law and justice",http://www.iol.co.za/isolezwe/izindaba/ubhuquza-ekhaya-umfundi-oxoshelwe-ukuba-yisitabane-7663566
64, ugwazwe yizigebengu zifuna iselula ,"crime, law and justice",http://www.iol.co.za/isolezwe/izindaba/ugwazwe-yizigebengu-zifuna-iselula-7752874
65, ezinye izinyathelo kolomfundi owaxoshelwa ubutabane ,society,http://www.iol.co.za/isolezwe/izindaba/ezinye-izinyathelo-kolomfundi-owaxoshelwa-ubutabane-7751949
66, kuqhume iqupha kubangwa izevatho ,"crime, law and justice",http://www.iol.co.za/isolezwe/izindaba/kuqhume-iqupha-kubangwa-izevatho-7712969
67, izinhlangano zingenelela kolomfundi ,"crime, law and justice",http://www.iol.co.za/isolezwe/izindaba/izinhlangano-zingenelela-kolomfundi-7696937
68, kukhuthazwa abantu ukuthi baye kwasars ,"economy, business and finance",http://www.iol.co.za/isolezwe/izindaba/kukhuthazwa-abantu-ukuthi-baye-kwasars-10123490
69, kugxekwa umsakazi obize uzuma ngomkhovu ,politics,http://www.iol.co.za/isolezwe/izindaba/kugxekwa-umsakazi-obize-uzuma-ngomkhovu-10106809
70, uzophikwa wumlando udkt dlamini zuma ,politics,http://www.iol.co.za/isolezwe/izindaba/uzophikwa-wumlando-udkt-dlamini-zuma-10097103
71, kugwetshwe owadlwengula intombi ,"crime, law and justice",http://www.iol.co.za/isolezwe/izindaba/kugwetshwe-owadlwengula-intombi-10145578
72, imeya ye ifp isinde ekuketulweni esikhundleni yi anc ,"crime, law and justice",http://www.iol.co.za/isolezwe/izindaba/imeya-ye-ifp-isinde-ekuketulweni-esikhundleni-yi-anc-10096996
73, uzuma uzibangela ukugxekwa ,politics,http://www.iol.co.za/isolezwe/izindaba/uzuma-uzibangela-ukugxekwa-10121633
74, abamfuni uthisha opotozanayo ,"crime, law and justice",http://www.iol.co.za/isolezwe/izindaba/abamfuni-uthisha-opotozanayo-10095291
75, owesifazane kwelokudlwengula ,"crime, law and justice",http://www.iol.co.za/isolezwe/izindaba/owesifazane-kwelokudlwengula-8039436
76, kuboshwe  ngokubulawa kobethunjiwe ,"crime, law and justice",http://www.iol.co.za/isolezwe/izindaba/kuboshwe-4-ngokubulawa-kobethunjiwe-7986224
77, phansi amaphaphu bazohola abantu ngo ephreli  ,politics,http://www.iol.co.za/isolezwe/izindaba/phansi-amaphaphu-bazohola-abantu-ngo-ephreli-1-8077639
78, ubulawe ushevu obeba isikhaftini somfundi ,"crime, law and justice",http://www.iol.co.za/isolezwe/izindaba/ubulawe-ushevu-obeba-isikhaftini-somfundi-8051815
79, kuvuswe abesifazane abahlukunyezwa ngabathandana nabo ,society,http://www.iol.co.za/isolezwe/izindaba/kuvuswe-abesifazane-abahlukunyezwa-ngabathandana-nabo-8066317
80, ubulale umakhelwane wambiza ngesilwane ,"crime, law and justice",http://www.iol.co.za/isolezwe/izindaba/ubulale-umakhelwane-wambiza-ngesilwane-8063268
81, uvele enkantolo owabulala  ,"crime, law and justice",http://www.iol.co.za/isolezwe/izindaba/uvele-enkantolo-owabulala-4-8004135
82, bazozithola abantu izibonelelo zabo ,society,http://www.iol.co.za/isolezwe/izindaba/bazozithola-abantu-izibonelelo-zabo-8004137
83, kumangalelwe abakhubazekile ,society,http://www.iol.co.za/isolezwe/izindaba/kumangalelwe-abakhubazekile-8005274
84, ihlazo elotsholwa ngemfuyo eyebiwe ,"crime, law and justice",http://www.iol.co.za/isolezwe/izindaba/ihlazo-elotsholwa-ngemfuyo-eyebiwe-8051816
85, linikwe ibheyili ka  iphoyisa ,"crime, law and justice",http://www.iol.co.za/isolezwe/izindaba/linikwe-ibheyili-ka-r1000-iphoyisa-9800183
86, usola udlame lwaseglebe ohlaselwe ,"crime, law and justice",http://www.iol.co.za/isolezwe/izindaba/usola-udlame-lwaseglebe-ohlaselwe-9800597
87, usinde bethi bayaqeda ngaye ufikile mlomo ,"crime, law and justice",http://www.iol.co.za/isolezwe/izindaba/usinde-bethi-bayaqeda-ngaye-ufikile-mlomo-9966662
88, kunempi ebhekiswe kwi anc ,politics,http://www.iol.co.za/isolezwe/izindaba/kunempi-ebhekiswe-kwi-anc-9981898
89, basobishini ojele ngokupotozwa kweziboshwa ,"crime, law and justice",http://www.iol.co.za/isolezwe/izindaba/basobishini-ojele-ngokupotozwa-kweziboshwa-9982356
90, uzuma ushiye angalazi kwabamgxekayo ,politics,http://www.iol.co.za/isolezwe/izindaba/uzuma-ushiye-angalazi-kwabamgxekayo-9966963
91, kuyabhujwa yizidakamizwa emalokishini asethekwini ,society,http://www.iol.co.za/isolezwe/izindaba/kuyabhujwa-yizidakamizwa-emalokishini-asethekwini-10006835
92, ubhaka uvulelwe icala lokuthela isimbambamba ,"crime, law and justice",http://www.iol.co.za/isolezwe/izindaba/ubhaka-uvulelwe-icala-lokuthela-isimbambamba-9966692
93, uhlaudi ucele ukuthi kuthandazelwe umvikeli womphakathi ,"crime, law and justice",http://www.iol.co.za/isolezwe/izindaba/uhlaudi-ucele-ukuthi-kuthandazelwe-umvikeli-womphakathi-9968217
94, itwetwe ngokuthunjwa kwezingane ,"crime, law and justice",http://www.iol.co.za/isolezwe/izindaba/itwetwe-ngokuthunjwa-kwezingane-9897892
95, iyazisholo nje i eff uma ithi izohlukana ne da ,politics,http://www.iol.co.za/isolezwe/izindaba/iyazisholo-nje-i-eff-uma-ithi-izohlukana-ne-da-9784576
96, ugigaba nekhwelo kosomabhizinisi basemalokishini ,"economy, business and finance",http://www.iol.co.za/isolezwe/izindaba/ugigaba-nekhwelo-kosomabhizinisi-basemalokishini-10007272
97, bagilwe wugesi wezinyokanyoka ,"crime, law and justice",http://www.isolezwe.co.za/izindaba/bagilwe-wugesi-wezinyokanyoka-12094951
98, ungoye enkingeni ngeziqu zomthetho ,"crime, law and justice",http://www.isolezwe.co.za/izindaba/ungoye-enkingeni-ngeziqu-zomthetho-12079846
99, ucasule umphakathi ehleka osolwa ngokubulala ,"crime, law and justice",http://www.isolezwe.co.za/izindaba/ucasule-umphakathi-ehleka-osolwa-ngokubulala-12095452
100, kusamile ukufunda kwelicija ngamakhono ,education,https://www.isolezwe.co.za/izindaba/kusamile-ukufunda-kwelicija-ngamakhono-14489242
101, kukhalwa ngamaphoyisa ashaye izitabane ,"crime, law and justice",https://www.isolezwe.co.za/izindaba/kukhalwa-ngamaphoyisa-ashaye-izitabane-14395462
102, umfundi ugwazwe omunye eduze nesikole ,"crime, law and justice",https://www.isolezwe.co.za/izindaba/umfundi-ugwazwe-omunye-eduze-nesikole-14538216
103,https://www.isolezwe.co.za/tvbox/utha ukhala   awuboleka umngani wakhe ,"economy, business and finance",https://www.isolezwe.co.za/tvbox/utha-ukhala-ngor250-000-awuboleka-umngani-wakhe-14314310
104, izingulube zehlathi zimincise umphakathi ,society,https://www.isolezwe.co.za/izindaba/izingulube-zehlathi-zimincise-umphakathi-14700954
105, odlalela abaculi i keyboard uvulelwe icala lokumuhluza intombi ,"crime, law and justice",https://www.isolezwe.co.za/izindaba/odlalela-abaculi-i-keyboard-uvulelwe-icala-lokumuhluza-intombi-14313813
106, akuhlanganiswe abomkhonto namasosha ,"crime, law and justice",http://www.isolezwe.co.za/izindaba/akuhlanganiswe-abomkhonto-namasosha-16653353
107, ezempilo ayikho indlela yokuhlola ubuntombi ,"crime, law and justice",http://www.isolezwe.co.za/izindaba/ezempilo-ayikho-indlela-yokuhlola-ubuntombi-16669170
108, isingo  ingqungquthelaye anc ethekwini ,politics,http://www.isolezwe.co.za/izindaba/isingo-2019-ingqungquthelaye-anc-ethekwini-16367362
109, umsindo ngohambo oluzodla  million ,politics,http://www.isolezwe.co.za/izindaba/umsindo-ngohambo-oluzodla-ur2-million-16797050
110, umfelokazi uhlawuliswe inkomo ekhumula inzilo ,"crime, law and justice",http://www.isolezwe.co.za/izindaba/umfelokazi-uhlawuliswe-inkomo-ekhumula-inzilo-16566594
111, uramaite uzobamba kwesika abrahams ,politics,http://www.isolezwe.co.za/izindaba/uramaite-uzobamba-kwesika-abrahams-16584506
112, ubhajwe isandla ethenga ithoyizi locansi ,"crime, law and justice",http://www.isolezwe.co.za/izindaba/ubhajwe-isandla-ethenga-ithoyizi-locansi-16747763
113, mibono isizwe kumele sibaxwaye abaholi abafana nomalema ,politics,http://www.isolezwe.co.za/izindaba/mibono-isizwe-kumele-sibaxwaye-abaholi-abafana-nomalema-16369238
114, imbokodo igcwale imigwaqo imasha ,"crime, law and justice",http://www.isolezwe.co.za/izindaba/imbokodo-igcwale-imigwaqo-imasha-16366764
115, kusolwa ukhwantalala isitshudeni sizibulala ,"crime, law and justice",http://www.isolezwe.co.za/izindaba/kusolwa-ukhwantalala-isitshudeni-sizibulala-16429040
116, kuphenywa ukhuzani ngomkamuntu ,"crime, law and justice",http://www.isolezwe.co.za/izindaba/kuphenywa-ukhuzani-ngomkamuntu-16476127
117, akuvikelwe abasolwa ngokuloya ,"crime, law and justice",http://www.isolezwe.co.za/izindaba/akuvikelwe-abasolwa-ngokuloya-16427137
118, kume nse ukufunda enyuvesi izitshudeni zikhala ngensfas ,"crime, law and justice",http://www.isolezwe.co.za/izindaba/kume-nse-ukufunda-enyuvesi-izitshudeni-zikhala-ngensfas-16559655
119, bashaqekile ngoqothe umndeni ,"crime, law and justice",http://www.isolezwe.co.za/izindaba/bashaqekile-ngoqothe-umndeni-16652952
120, angase alahlekelwe yisithabathaba somuzi owakhe esizeni somuntu ,"crime, law and justice",http://www.isolezwe.co.za/izindaba/angase-alahlekelwe-yisithabathaba-somuzi-owakhe-esizeni-somuntu-16353651
121, lisuliwe ikhansela ebelihola liboshiwe ,"crime, law and justice",http://www.isolezwe.co.za/izindaba/lisuliwe-ikhansela-ebelihola-liboshiwe-16524173
122, izintokazi zivule inkampani ekhuthaza ukuzivocavoca ,society,http://www.isolezwe.co.za/izindaba/izintokazi-zivule-inkampani-ekhuthaza-ukuzivocavoca-16367987
123, ubulawe esemayini umshayeli wetekisi ,"crime, law and justice",http://www.isolezwe.co.za/izindaba/ubulawe-esemayini-umshayeli-wetekisi-16776869
124, ubengafuni ukubuyela ekhaya obulawe yisoka ethornwood ,"crime, law and justice",http://www.isolezwe.co.za/izindaba/ubengafuni-ukubuyela-ekhaya-obulawe-yisoka-ethornwood-16667234
125, amakhosi ahlaba ingonyama trust ,society,http://www.isolezwe.co.za/izindaba/amakhosi-ahlaba-ingonyama-trust-16530051
126, imibono idolobha umgungundlovu lingcole ngendlela exakile ,society,http://www.isolezwe.co.za/izindaba/imibono-idolobha-umgungundlovu-lingcole-ngendlela-exakile-16635123
127, akuthi shu okushiwo utrump asimesabi julius malema ,politics,http://www.isolezwe.co.za/izindaba/akuthi-shu-okushiwo-utrump-asimesabi-julius-malema-16705659
128, bafuna kucaciswe ngensfas ,politics,http://www.isolezwe.co.za/izindaba/bafuna-kucaciswe-ngensfas-16349147
129, cabangisisa ngaphambi kokucela umshado ,society,http://www.isolezwe.co.za/izindaba/cabangisisa-ngaphambi-kokucela-umshado-16583666
130, imibono nginemibuzo ngodaba lomhlaba ,politics,http://www.isolezwe.co.za/izindaba/imibono-nginemibuzo-ngodaba-lomhlaba-16763052
131, umthandazi uboshelwe ukudlwengula indodakazi ,"crime, law and justice",http://www.isolezwe.co.za/izindaba/umthandazi-uboshelwe-ukudlwengula-indodakazi-16367383
132, zinyukile izindleko zokugibela amatekisi izolo ,society,http://www.isolezwe.co.za/izindaba/zinyukile-izindleko-zokugibela-amatekisi-izolo-16367402
133, ubhekwe ngelokhozi ozoqokwa wuramaphosa kwesokushushisa ,"crime, law and justice",http://www.isolezwe.co.za/izindaba/ubhekwe-ngelokhozi-ozoqokwa-wuramaphosa-kwesokushushisa-16554765
134, abahlaziyi babona i anc igaya amavoti ngolomhlaba ,politics,http://www.isolezwe.co.za/izindaba/abahlaziyi-babona-i-anc-igaya-amavoti-ngolomhlaba-16367375
135, kubulawe izihlobo zobhalela isolezwe ,"crime, law and justice",http://www.isolezwe.co.za/izindaba/kubulawe-izihlobo-zobhalela-isolezwe-16747762
136, imibono bakhona nabesifazane abahlukumeza amadoda ,"crime, law and justice",http://www.isolezwe.co.za/izindaba/imibono-bakhona-nabesifazane-abahlukumeza-amadoda-16367378
137, ofakazi kwikhomishini kazondo ,"economy, business and finance",http://www.isolezwe.co.za/izindaba/ofakazi-kwikhomishini-kazondo-16648015
138, luya kude olomhlaba ,"crime, law and justice",https://www.isolezwe.co.za/izindaba/luya-kude-olomhlaba-13352109
139, uhlaba abaholi abeba imali ye ifp ,"crime, law and justice",https://www.isolezwe.co.za/izindaba/uhlaba-abaholi-abeba-imali-ye-ifp-13371064
140, bangobani ababoshwe nomabuyakhulu ,politics,https://www.isolezwe.co.za/izindaba/bangobani-ababoshwe-nomabuyakhulu-13227267
141, uxoshiswe okwenja ezozilela umyeni ,"crime, law and justice",https://www.isolezwe.co.za/izindaba/uxoshiswe-okwenja-ezozilela-umyeni-13476971
142, umshado uqina ngezinselelo zawo ,society,https://www.isolezwe.co.za/izindaba/umshado-uqina-ngezinselelo-zawo-13051575
143, umehlokaboni ka  kaduduzane nabakwagupta ,"crime, law and justice",https://www.isolezwe.co.za/izindaba/umehlokaboni-ka-r1m-kaduduzane-nabakwagupta-13352108
144, zisabisa ngokukuphinda lokho izitshudeni ,education,https://www.isolezwe.co.za/izindaba/zisabisa-ngokukuphinda-lokho-izitshudeni-13145253
145, i da nomkhankaso wokuheha intsha ,politics,https://www.isolezwe.co.za/izindaba/i-da-nomkhankaso-wokuheha-intsha-13152160
146, ezempilo lusukumele uvalo olungapheli ,"crime, law and justice",https://www.isolezwe.co.za/izindaba/ezempilo-lusukumele-uvalo-olungapheli-13512493
147, ubheki cele ukhwele wadilika kumagashule ,politics,https://www.isolezwe.co.za/izindaba/ubheki-cele-ukhwele-wadilika-kumagashule-13096285
148, akuqiniswe ezokuphepha kweye anc kwazulu natal ,politics,https://www.isolezwe.co.za/izindaba/akuqiniswe-ezokuphepha-kweye-anc-kwazulu-natal-13379411
149,https://www.isolezwe.co.za/ezezimoto/kungakusiza ukugcina imoto endala ,"crime, law and justice",https://www.isolezwe.co.za/ezezimoto/kungakusiza-ukugcina-imoto-endala-13349835
150, utokile osolwa ngokubulala isalukazi  ,"crime, law and justice",https://www.isolezwe.co.za/izindaba/utokile-osolwa-ngokubulala-isalukazi-107-13051289
151, badumele abakwazuma ngokushiwo ngukamadiba ,politics,https://www.isolezwe.co.za/izindaba/badumele-abakwazuma-ngokushiwo-ngukamadiba-13227049
152, okushiwo amandla erandi nomphumela wakho kuleli ,"economy, business and finance",https://www.isolezwe.co.za/izindaba/okushiwo-amandla-erandi-nomphumela-wakho-kuleli-13406454
153, ibhungu liklabhe abashana lababulala lona labulawa yiloli ,"crime, law and justice",https://www.isolezwe.co.za/izindaba/ibhungu-liklabhe-abashana-lababulala-lona-labulawa-yiloli-13240000
154, ikhathaza abazali eyasecom tech ,education,https://www.isolezwe.co.za/izindaba/ikhathaza-abazali-eyasecom-tech-13093647
155, u atul gupta uphika  ngamaphepha awafake enkantolo ,"economy, business and finance",https://www.isolezwe.co.za/izindaba/u-atul-gupta-uphika-ekar10m-ngamaphepha-awafake-enkantolo-13385492
156, uramaphosa uhoxe kolwenhloko ,politics,https://www.isolezwe.co.za/izindaba/uramaphosa-uhoxe-kolwenhloko-13476515
157, ugigaba uzocacisa eyemfundo yamahhala ,education,https://www.isolezwe.co.za/izindaba/ugigaba-uzocacisa-eyemfundo-yamahhala-13352106
158, ucele ubuyele kwesamaphoyisa ,politics,https://www.isolezwe.co.za/izindaba/ucele-ubuyele-kwesamaphoyisa-13509697
159, inkani kazuma izomlahlekisela ngokuningi ,"crime, law and justice",https://www.isolezwe.co.za/izindaba/inkani-kazuma-izomlahlekisela-ngokuningi-13222989
160, injabulo kunyuka impesheni ,"economy, business and finance",https://www.isolezwe.co.za/izindaba/injabulo-kunyuka-impesheni-13411771
161, bazitapele igilosa emzini wobaqolile ,"crime, law and justice",https://www.isolezwe.co.za/izindaba/bazitapele-igilosa-emzini-wobaqolile-13145513
162, abewunga nebhizinisi elivuthayo e unisa ,"crime, law and justice",https://www.isolezwe.co.za/izindaba/abewunga-nebhizinisi-elivuthayo-e-unisa-13096121
163, bagaywe yitekisi endlini bebuka uzalo ,society,https://www.isolezwe.co.za/izindaba/bagaywe-yitekisi-endlini-bebuka-uzalo-13351794
164, amadoda acela ibheyili kwelaseglebe ,"crime, law and justice",https://www.isolezwe.co.za/izindaba/amadoda-acela-ibheyili-kwelaseglebe-13131386
165, uyaqina owokulwa nokulawulwa kombuso yidlanzana ,"crime, law and justice",https://www.isolezwe.co.za/izindaba/uyaqina-owokulwa-nokulawulwa-kombuso-yidlanzana-12834333
166, kuzungezwa izinkampani ezidlelana nabakwagupta ,politics,https://www.isolezwe.co.za/izindaba/kuzungezwa-izinkampani-ezidlelana-nabakwagupta-12764977
167, ubuchwepheshe namathuba okwakha umnotho ,society,https://www.isolezwe.co.za/izindaba/ubuchwepheshe-namathuba-okwakha-umnotho-12910250
168, umfundisi ubedlwengula odado ababonge  ,"crime, law and justice",https://www.isolezwe.co.za/izindaba/umfundisi-ubedlwengula-odado-ababonge-ngor2-12978252
169, umaimane usongela umagashule nozwane ,"crime, law and justice",https://www.isolezwe.co.za/izindaba/umaimane-usongela-umagashule-nozwane-12854124
170, samukelwe isigwebo esinikwe iphoyisa ,"crime, law and justice",https://www.isolezwe.co.za/izindaba/samukelwe-isigwebo-esinikwe-iphoyisa-12765485
171, imibono ama dvd emikhuba agcwele idolobha ,society,https://www.isolezwe.co.za/izindaba/imibono-ama-dvd-emikhuba-agcwele-idolobha-12925944
172, i nehawu ihlabela phambili neziteleka emanyuvesi ,"economy, business and finance",https://www.isolezwe.co.za/izindaba/i-nehawu-ihlabela-phambili-neziteleka-emanyuvesi-12869973
173, ikomiti lizoxazulula izinkinga zabangcwabi ,"economy, business and finance",https://www.isolezwe.co.za/izindaba/ikomiti-lizoxazulula-izinkinga-zabangcwabi-13034788
174, bahlezi lubhojozi osomatekisi kubulawa esinye isikhulu ,"crime, law and justice",https://www.isolezwe.co.za/izindaba/bahlezi-lubhojozi-osomatekisi-kubulawa-esinye-isikhulu-12733226
175, unikele emgwaqweni eyozama imali yomfundaze ,education,https://www.isolezwe.co.za/izindaba/unikele-emgwaqweni-eyozama-imali-yomfundaze-12770643
176, kabaphumuli abesikole esenze kahle ,education,https://www.isolezwe.co.za/izindaba/kabaphumuli-abesikole-esenze-kahle-12729372
177, isexwayiso ngezikhangiso zemisebenzi ,"crime, law and justice",https://www.isolezwe.co.za/izindaba/isexwayiso-ngezikhangiso-zemisebenzi-12903095
178, uramaphosa nethemba ngabatshalizimali ,"economy, business and finance",https://www.isolezwe.co.za/izindaba/uramaphosa-nethemba-ngabatshalizimali-12833968
179, ziya ngokwanda iziteleka emanyuvesi ,education,https://www.isolezwe.co.za/izindaba/ziya-ngokwanda-iziteleka-emanyuvesi-12784415
180, abaseka umncwango bathi ida ikhuliswe wukuholwa nguye ,politics,https://www.isolezwe.co.za/izindaba/abaseka-umncwango-bathi-ida-ikhuliswe-wukuholwa-nguye-12788393
181, isoka libhokode intombi yafa iya esikoleni ,"crime, law and justice",https://www.isolezwe.co.za/izindaba/isoka-libhokode-intombi-yafa-iya-esikoleni-12978098
182, amawele axolisa ngokuvikela u omotoso ,"crime, law and justice",https://www.isolezwe.co.za/izindaba/amawele-axolisa-ngokuvikela-u-omotoso-13028031
183, ubuholi buzoxazulula olwesigungu sasekzn ,politics,https://www.isolezwe.co.za/izindaba/ubuholi-buzoxazulula-olwesigungu-sasekzn-13008277
184, imeya ecaleni lokwesabisa owonogada ,politics,https://www.isolezwe.co.za/izindaba/imeya-ecaleni-lokwesabisa-owonogada-12978550
185, isiminyaminya abazali bethengela izingane ,society,https://www.isolezwe.co.za/izindaba/isiminyaminya-abazali-bethengela-izingane-12764572
186, idinga ukuvikelwa iminikelo yamakholwa ,"crime, law and justice",https://www.isolezwe.co.za/izindaba/idinga-ukuvikelwa-iminikelo-yamakholwa-12720217
187, uvalo empumalanga kudutshulwa osomatekisi ,"crime, law and justice",https://www.isolezwe.co.za/izindaba/uvalo-empumalanga-kudutshulwa-osomatekisi-12866804
188, sekwanele uyala abesililsa odonsa esokubulala inkosikazi ,"crime, law and justice",http://www.isolezwe.co.za/izindaba/sekwanele-uyala-abesililsa-odonsa-esokubulala-inkosikazi-15791106
189, imibono sengathi lungaba yimpumelelo uhlelo lwemilutha ethekwini ,"crime, law and justice",http://www.isolezwe.co.za/izindaba/imibono-sengathi-lungaba-yimpumelelo-uhlelo-lwemilutha-ethekwini-15789002
190, indoda izidubule yafa phambi kwabantu ,"crime, law and justice",http://www.isolezwe.co.za/izindaba/indoda-izidubule-yafa-phambi-kwabantu-15791121
191, kusolwa isikweletu ngozingqokloze emlaza ,"crime, law and justice",http://www.isolezwe.co.za/izindaba/kusolwa-isikweletu-ngozingqokloze-emlaza-15804755
192, uyavutha umukhwe kazuma ngelobolo ,society,http://www.isolezwe.co.za/izindaba/uyavutha-umukhwe-kazuma-ngelobolo-16032238
193, imibono ayiqalwe kubantu eyokukhulelwa ,society,http://www.isolezwe.co.za/izindaba/imibono-ayiqalwe-kubantu-eyokukhulelwa-15774836
194, zikwangqingetshe ezamaholo kwa eskom ,"economy, business and finance",http://www.isolezwe.co.za/izindaba/zikwangqingetshe-ezamaholo-kwa-eskom-15975975
195, itholwe ishonile indoda eyabaleka inqunu entombini ihlaselwa ,"crime, law and justice",http://www.isolezwe.co.za/izindaba/itholwe-ishonile-indoda-eyabaleka-inqunu-entombini-ihlaselwa-15930188
196, bawufuna wehlile uphethroli ,"economy, business and finance",http://www.isolezwe.co.za/izindaba/bawufuna-wehlile-uphethroli-16222334
197, kushubile osomatekisi bevimbezela abashayeli betaxify nabe uber ,"crime, law and justice",http://www.isolezwe.co.za/izindaba/kushubile-osomatekisi-bevimbezela-abashayeli-betaxify-nabe-uber-16036197
198, imibono nami ngibona luzoba yinkinga uhlelo oluzobamba abajolayo ,"crime, law and justice",http://www.isolezwe.co.za/izindaba/imibono-nami-ngibona-luzoba-yinkinga-uhlelo-oluzobamba-abajolayo-16073779
199, kuboshwe umfundisi nengoduso kutholwa owesifazane ebulewe ,"crime, law and justice",http://www.isolezwe.co.za/izindaba/kuboshwe-umfundisi-nengoduso-kutholwa-owesifazane-ebulewe-16209707
200, kubhekwe isinyathelo sikade lille ,politics,http://www.isolezwe.co.za/izindaba/kubhekwe-isinyathelo-sikade-lille-17774824
201, babanjwe oqotsheni behlukaniselana inkomo yokwebiwa ,"crime, law and justice",http://www.isolezwe.co.za/izindaba/babanjwe-oqotsheni-behlukaniselana-inkomo-yokwebiwa-16036196
202, sitholwe phansi kombhede isidumbu ,"crime, law and justice",http://www.isolezwe.co.za/izindaba/sitholwe-phansi-kombhede-isidumbu-15846893
203, indida ngokubulawa kobethanda imicimbi ,"crime, law and justice",http://www.isolezwe.co.za/izindaba/indida-ngokubulawa-kobethanda-imicimbi-16256573
204, sigila izimanga isikole esesivubele  wodokotela ,education,http://www.isolezwe.co.za/izindaba/sigila-izimanga-isikole-esesivubele-20-wodokotela-15830405
205, i anc igcizelela okushiwo ngomhlaba ,politics,http://www.isolezwe.co.za/izindaba/i-anc-igcizelela-okushiwo-ngomhlaba-15930946
206, imibono sizofikaphi ngabaholi abanomgolo kanjena na ,society,http://www.isolezwe.co.za/izindaba/imibono-sizofikaphi-ngabaholi-abanomgolo-kanjena-na-15791108
207, izifundiswa zisabisa ngokuduba ukhetho ,education,http://www.isolezwe.co.za/izindaba/izifundiswa-zisabisa-ngokuduba-ukhetho-15825624
208, luqeda abantu udlame lwasembumbulu ,"crime, law and justice",http://www.isolezwe.co.za/izindaba/luqeda-abantu-udlame-lwasembumbulu-15787168
209, imibono makuhlelwe imashi yamadoda ahlukunyezwayo ,"crime, law and justice",http://www.isolezwe.co.za/izindaba/imibono-makuhlelwe-imashi-yamadoda-ahlukunyezwayo-16251115
210, umyalelo kapandor kwabensfas ,education,http://www.isolezwe.co.za/izindaba/umyalelo-kapandor-kwabensfas-16334347
211, imibono angisoze ngiphinde ngizihlanganise ne old mutual ,"economy, business and finance",http://www.isolezwe.co.za/izindaba/imibono-angisoze-ngiphinde-ngizihlanganise-ne-old-mutual-16000584
212, udutshulwe wafa kubhiyozwa ,"crime, law and justice",http://www.isolezwe.co.za/izindaba/udutshulwe-wafa-kubhiyozwa-16067631
213, kumiswe imenenja yomgwaqo ka  ,"crime, law and justice",http://www.isolezwe.co.za/izindaba/kumiswe-imenenja-yomgwaqo-ka-r11m-16090932
214, ubuholi obusha be anc ekzn ,politics,http://www.isolezwe.co.za/izindaba/ubuholi-obusha-be-anc-ekzn-16177635
215, usaqhubeka umbango ngomhlaba owanikezwa umandela ,"crime, law and justice",http://www.isolezwe.co.za/izindaba/usaqhubeka-umbango-ngomhlaba-owanikezwa-umandela-16054050
216, i ancyl ifuna untuli esikhundleni sikanobhala ,politics,http://www.isolezwe.co.za/izindaba/i-ancyl-ifuna-untuli-esikhundleni-sikanobhala-15787184
217, uphendulwe iqhawe enkantolo ududuzane zuma malema ,"crime, law and justice",http://www.isolezwe.co.za/izindaba/uphendulwe-iqhawe-enkantolo-ududuzane-zuma-malema-15938810
218, imibono owomdabu wasendiya engimsebenzelayo uyangithuka ,politics,http://www.isolezwe.co.za/izindaba/imibono-owomdabu-wasendiya-engimsebenzelayo-uyangithuka-16001079
219, imibono zizolekelelwa yini izingane esihlukwini sothisha abazishayayo ,"crime, law and justice",http://www.isolezwe.co.za/izindaba/imibono-zizolekelelwa-yini-izingane-esihlukwini-sothisha-abazishayayo-16074831
220, ubebagila engenawo umphambili ,"crime, law and justice",http://www.isolezwe.co.za/izindaba/ubebagila-engenawo-umphambili-16303632
221, kubuya olokunqanyulwa kukagesi ,"economy, business and finance",http://www.isolezwe.co.za/izindaba/kubuya-olokunqanyulwa-kukagesi-16332732
222, kuboshwe isihlobo ngosana obelwebiwe ,"crime, law and justice",http://www.isolezwe.co.za/izindaba/kuboshwe-isihlobo-ngosana-obelwebiwe-15916316
223, okungenziwa izingane ngamaholidi ,"crime, law and justice",http://www.isolezwe.co.za/izindaba/okungenziwa-izingane-ngamaholidi-15832329
224, kuboshwe owesibili ngokufa kowe anc ,"crime, law and justice",http://www.isolezwe.co.za/izindaba/kuboshwe-owesibili-ngokufa-kowe-anc-16195884
225, ngeke wehle uphethroli ungoti ,"economy, business and finance",http://www.isolezwe.co.za/izindaba/ngeke-wehle-uphethroli-ungoti-16261407
226, isililo ngokubulawa kobeyi anc ngozingqokloze phambi kwabantu ,"crime, law and justice",http://www.isolezwe.co.za/izindaba/isililo-ngokubulawa-kobeyi-anc-ngozingqokloze-phambi-kwabantu-15825402
227, umanana uzifake kolunye utaku ,"crime, law and justice",http://www.isolezwe.co.za/izindaba/umanana-uzifake-kolunye-utaku-16250484
228, usobishini okweleta umasipala   ngendlu yodaka ,"crime, law and justice",http://www.isolezwe.co.za/izindaba/usobishini-okweleta-umasipala-ur220-000-ngendlu-yodaka-15914330
229, zimkhalele owesifazane obedayisa ucansi udede ,"crime, law and justice",https://www.isolezwe.co.za/izindaba/zimkhalele-owesifazane-obedayisa-ucansi-udede-13714071
230, umholi udlwengule izingane ezingu  ,"crime, law and justice",http://www.isolezwe.co.za/izindaba/umholi-udlwengule-izingane-ezingu-7-15774573
231, odilikajele kwabathumba iphoyisa balibulala ,"crime, law and justice",http://www.isolezwe.co.za/izindaba/odilikajele-kwabathumba-iphoyisa-balibulala-15911666
232, umfundi unqgongqiswe nesoka eyotadisha ,"crime, law and justice",http://www.isolezwe.co.za/izindaba/umfundi-unqgongqiswe-nesoka-eyotadisha-16231255
233, imibono aze ayinkinga amaphara enquthu ,"crime, law and justice",http://www.isolezwe.co.za/izindaba/imibono-aze-ayinkinga-amaphara-enquthu-16195886
234, angu  amagatsha aphasile ,politics,https://www.isolezwe.co.za/izindaba/angu-686-amagatsha-aphasile-15380362
235, kumashe odado abafunda ezinkulisa ,"crime, law and justice",https://www.isolezwe.co.za/izindaba/kumashe-odado-abafunda-ezinkulisa-15380359
236, i anc ijube elizoxazulula izikhalo ekzn ,"crime, law and justice",http://www.isolezwe.co.za/izindaba/i-anc-ijube-elizoxazulula-izikhalo-ekzn-15569120
237, bashise isikole bekhala ngokudla abafundi ,"crime, law and justice",https://www.isolezwe.co.za/izindaba/bashise-isikole-bekhala-ngokudla-abafundi-15340827
238, ushe nesoka washona obeligoyise kubo ,"crime, law and justice",https://www.isolezwe.co.za/izindaba/ushe-nesoka-washona-obeligoyise-kubo-15288195
239, ake sibe nezinye izindlela zokukhononda singashisi impahla ,"crime, law and justice",http://www.isolezwe.co.za/izindaba/ake-sibe-nezinye-izindlela-zokukhononda-singashisi-impahla-15456995
240, badikile isikole abasola uthisha ngesibhaxu ,"crime, law and justice",http://www.isolezwe.co.za/izindaba/badikile-isikole-abasola-uthisha-ngesibhaxu-15658446
241, abasebuhleni baxwayisa izitabane ,"crime, law and justice",http://www.isolezwe.co.za/izindaba/abasebuhleni-baxwayisa-izitabane-15585237
242, amabhange azotakula uhulumeni ,"economy, business and finance",http://www.isolezwe.co.za/izindaba/amabhange-azotakula-uhulumeni-15711955
243, kudutshulwe iphoyisa elithinteka ecaleni ,"crime, law and justice",http://www.isolezwe.co.za/izindaba/kudutshulwe-iphoyisa-elithinteka-ecaleni-15530810
244, owe the queen usolwa ngokungondli ,"crime, law and justice",https://www.isolezwe.co.za/izindaba/owe-the-queen-usolwa-ngokungondli-15409070
245, intsha ayifundele amakhono dumisa ,"crime, law and justice",http://www.isolezwe.co.za/izindaba/intsha-ayifundele-amakhono-dumisa-15487839
246, kuzophela ukushaywa umoya emahhovisi kosigaxamabhande bamaphoyisa ,"crime, law and justice",https://www.isolezwe.co.za/izindaba/kuzophela-ukushaywa-umoya-emahhovisi-kosigaxamabhande-bamaphoyisa-15321643
247, abaholi be anc mabayikhiphe ezinkantolo ngoba izofa iphele nya ,"crime, law and justice",http://www.isolezwe.co.za/izindaba/abaholi-be-anc-mabayikhiphe-ezinkantolo-ngoba-izofa-iphele-nya-15456997
248, bachithe udoti ethekwini bekhala ngemali ,"economy, business and finance",http://www.isolezwe.co.za/izindaba/bachithe-udoti-ethekwini-bekhala-ngemali-15549217
249, uzikalala ucacisa ngokubonakala ecaleni likazuma ,politics,http://www.isolezwe.co.za/izindaba/uzikalala-ucacisa-ngokubonakala-ecaleni-likazuma-15422241
250, umholi we ifp ukhala nge anc ,politics,http://www.isolezwe.co.za/izindaba/umholi-we-ifp-ukhala-nge-anc-15729383
251, i anc ayiziphathele yona ikzn ,politics,http://www.isolezwe.co.za/izindaba/i-anc-ayiziphathele-yona-ikzn-15555723
252, kubhuntshe umngcwabo kushaqwa isidumbu ,society,https://www.isolezwe.co.za/izindaba/kubhuntshe-umngcwabo-kushaqwa-isidumbu-15327993
253, baphawula nge video yocansi ,"crime, law and justice",http://www.isolezwe.co.za/izindaba/baphawula-nge-video-yocansi-15530190
254, icwile kwezikafaro intsha ucwaningo ,education,https://www.isolezwe.co.za/izindaba/icwile-kwezikafaro-intsha-ucwaningo-15409478
255, kuxwayiswa ababhukudi njengoba esusiwe amanethi ,society,http://www.isolezwe.co.za/izindaba/kuxwayiswa-ababhukudi-njengoba-esusiwe-amanethi-15487306
256, usesaba nokuya esikoleni odonswe amankwahla ,"crime, law and justice",http://www.isolezwe.co.za/izindaba/usesaba-nokuya-esikoleni-odonswe-amankwahla-15550494
257, sigcine singcwatshiwe isidumbu sendoda ebesibangwa ,"crime, law and justice",http://www.isolezwe.co.za/izindaba/sigcine-singcwatshiwe-isidumbu-sendoda-ebesibangwa-15436616
258, udutshuliwe obehlasela izalukazi ,"crime, law and justice",http://www.isolezwe.co.za/izindaba/udutshuliwe-obehlasela-izalukazi-15711982
259, imibono ngishayela izandla umalema ngesibindi sakhe ,politics,http://www.isolezwe.co.za/izindaba/imibono-ngishayela-izandla-umalema-ngesibindi-sakhe-15678076
260, kusazothatha isikhathi ukuguqula isimo sezwe langeni ,"economy, business and finance",http://www.isolezwe.co.za/izindaba/kusazothatha-isikhathi-ukuguqula-isimo-sezwe-langeni-15691180
261, indida isitshudeni siziphonsa esitezi ,"crime, law and justice",https://www.isolezwe.co.za/izindaba/indida-isitshudeni-siziphonsa-esitezi-15423050
262, onogada beyemali bashaywe ngamaphoyisa ,"crime, law and justice",http://www.isolezwe.co.za/izindaba/onogada-beyemali-bashaywe-ngamaphoyisa-15532801
263, bafuna uthishanhloko axoshwe ,education,http://www.isolezwe.co.za/izindaba/bafuna-uthishanhloko-axoshwe-15574865
264, owe ifp uveza uhlangothi oluhle lukamzolo ,"crime, law and justice",https://www.isolezwe.co.za/izindaba/owe-ifp-uveza-uhlangothi-oluhle-lukamzolo-15070661
265, akekho ongezukushushiswa okumele ashushiswe shaun abrahams ,"crime, law and justice",https://www.isolezwe.co.za/izindaba/akekho-ongezukushushiswa-okumele-ashushiswe-shaun-abrahams-13645472
266, basifuna la isinxephezelo abadilizelwa ,politics,https://www.isolezwe.co.za/izindaba/basifuna-la-isinxephezelo-abadilizelwa-13543565
267, kubulawe owe anc phambi komkakhe ,"crime, law and justice",https://www.isolezwe.co.za/izindaba/kubulawe-owe-anc-phambi-komkakhe-13729446
268, uphonsa inselelo kubelaphi bendabuko ngomeyiwa ,"crime, law and justice",https://www.isolezwe.co.za/izindaba/uphonsa-inselelo-kubelaphi-bendabuko-ngomeyiwa-14057339
269, isikhalo senkampani eholela abantu izibonelelo ,"economy, business and finance",https://www.isolezwe.co.za/izindaba/isikhalo-senkampani-eholela-abantu-izibonelelo-13641236
270, ithuba elehlele onebala elimhlophe ,education,https://www.isolezwe.co.za/izindaba/ithuba-elehlele-onebala-elimhlophe-13637803
271, kubatshazwa ubunzima obuza nentela ivat ,"economy, business and finance",https://www.isolezwe.co.za/izindaba/kubatshazwa-ubunzima-obuza-nentela-ivat-13955566
272, izithangami ezizohlomisa imbokodo ngokuningi ,"economy, business and finance",https://www.isolezwe.co.za/izindaba/izithangami-ezizohlomisa-imbokodo-ngokuningi-13827407
273, bheki cele sijabule noma sihlalel ovalweni ,"crime, law and justice",https://www.isolezwe.co.za/izindaba/bheki-cele-sijabule-noma-sihlalel-ovalweni-13588245
274, abasemadolobheni abangayizwa  ,"economy, business and finance",https://www.isolezwe.co.za/izindaba/abasemadolobheni-abangayizwa-ekar5-13889962
275, udilikajele kowabanjwa edlwengula umfana ,"crime, law and justice",https://www.isolezwe.co.za/izindaba/udilikajele-kowabanjwa-edlwengula-umfana-13975343
276, upandor uthembisa ukushanela amabibi ,education,https://www.isolezwe.co.za/izindaba/upandor-uthembisa-ukushanela-amabibi-13713921
277, ubungozi benkolo evala amehlo ,"crime, law and justice",https://www.isolezwe.co.za/izindaba/ubungozi-benkolo-evala-amehlo-13587259
278, kuzophenywa indlela amaphoyisa aphila ngayo ,"crime, law and justice",https://www.isolezwe.co.za/izindaba/kuzophenywa-indlela-amaphoyisa-aphila-ngayo-13645651
279, uramaphosa uyishaya emuva ayishaye phambili da ,politics,https://www.isolezwe.co.za/izindaba/uramaphosa-uyishaya-emuva-ayishaye-phambili-da-14060500
280, uzoshushiswa ngamacala enkohlakalo umsholozi ,"crime, law and justice",https://www.isolezwe.co.za/izindaba/uzoshushiswa-ngamacala-enkohlakalo-umsholozi-13887541
281, uziphendulele kokushiwo umalema ,politics,https://www.isolezwe.co.za/izindaba/uziphendulele-kokushiwo-umalema-13732857
282, imibono usiqola sibhekile umtn ayisukunyelwe le ndaba ,"crime, law and justice",https://www.isolezwe.co.za/izindaba/imibono-usiqola-sibhekile-umtn-ayisukunyelwe-le-ndaba-13959701
283, ushaik uzomhlinzela ezibini uzuma esefakaza ,"crime, law and justice",https://www.isolezwe.co.za/izindaba/ushaik-uzomhlinzela-ezibini-uzuma-esefakaza-13889967
284, ubuchwepheshe obusiza abazali ,society,https://www.isolezwe.co.za/izindaba/ubuchwepheshe-obusiza-abazali-13835838
285, kubonwa ngokusa kumfundi wasemangosuthu ,"crime, law and justice",https://www.isolezwe.co.za/izindaba/kubonwa-ngokusa-kumfundi-wasemangosuthu-13713920
286, intsha ye anc ibopha uzille ngolwamanzi ,politics,https://www.isolezwe.co.za/izindaba/intsha-ye-anc-ibopha-uzille-ngolwamanzi-13729177
287, uboshiwe owesilisa  obezivikela ngogebhezi lukanina owafihlwa ngo  ,"crime, law and justice",https://www.isolezwe.co.za/izindaba/uboshiwe-owesilisa-21-obezivikela-ngogebhezi-lukanina-owafihlwa-ngo-2001-13637841
288, kuchazani ukushushiswa kukazuma ,"crime, law and justice",https://www.isolezwe.co.za/izindaba/kuchazani-ukushushiswa-kukazuma-14060507
289, ubuthelezi uxwayisa ngolomhlaba ,politics,https://www.isolezwe.co.za/izindaba/ubuthelezi-uxwayisa-ngolomhlaba-13979867
290, ungqokloze intombi erenki eyisola ngokujola ,"crime, law and justice",https://www.isolezwe.co.za/izindaba/ungqokloze-intombi-erenki-eyisola-ngokujola-13956030
291, ugxeka abantu abavotela i anc ,politics,https://www.isolezwe.co.za/izindaba/ugxeka-abantu-abavotela-i-anc-13599194
292, luselude ukhalo kolweda nesikhundla sikade lille ,politics,https://www.isolezwe.co.za/izindaba/luselude-ukhalo-kolweda-nesikhundla-sikade-lille-14953636
293, kuqiniswe ezokuphepha kwephini lowenatu ,"crime, law and justice",https://www.isolezwe.co.za/izindaba/kuqiniswe-ezokuphepha-kwephini-lowenatu-14965403
294, ukhunjulwe njengeqhawe owashutha uhector pieterson ,society,https://www.isolezwe.co.za/izindaba/ukhunjulwe-njengeqhawe-owashutha-uhector-pieterson-14968223
295, bafuna kuhoxe ukukhethwa kobuholi ekzn ,politics,https://www.isolezwe.co.za/izindaba/bafuna-kuhoxe-ukukhethwa-kobuholi-ekzn-14950668
296, isihluku eshisa unina wezingane ngophethroli efuna babuyelane ,"crime, law and justice",https://www.isolezwe.co.za/izindaba/isihluku-eshisa-unina-wezingane-ngophethroli-efuna-babuyelane-14865827
297, kucelwe umkhize angenelele kwelokusatshiswa kwabacwaningi ,politics,https://www.isolezwe.co.za/izindaba/kucelwe-umkhize-angenelele-kwelokusatshiswa-kwabacwaningi-15196052
298, i anc iyilungele ingqungquthela ,politics,https://www.isolezwe.co.za/izindaba/i-anc-iyilungele-ingqungquthela-14820206
299, usafisa ukulanywa obegcagca nenyanga ,society,https://www.isolezwe.co.za/izindaba/usafisa-ukulanywa-obegcagca-nenyanga-15198923
300, kubulawe amakhansela amabili ele ifp nele anc ngolwesihlanu ,"crime, law and justice",https://www.isolezwe.co.za/izindaba/kubulawe-amakhansela-amabili-ele-ifp-nele-anc-ngolwesihlanu-14953169
301, kudutshulwe kwabulawa amadodana amabili omculi ,"crime, law and justice",https://www.isolezwe.co.za/izindaba/kudutshulwe-kwabulawa-amadodana-amabili-omculi-14951116
302, udube ibandla exakwe yisitabane ,society,https://www.isolezwe.co.za/izindaba/udube-ibandla-exakwe-yisitabane-14820200
303, uzuma uhlawuliswe   ngenkulumo enokucwasa ,"crime, law and justice",https://www.isolezwe.co.za/izindaba/uzuma-uhlawuliswe-r60-000-ngenkulumo-enokucwasa-15116831
304, indoda idutshulwe amaphoyisa kwayo ,"crime, law and justice",https://www.isolezwe.co.za/izindaba/indoda-idutshulwe-amaphoyisa-kwayo-14964901
305, yikuphi okungcono ukwesula nokulinda impesheni ,society,https://www.isolezwe.co.za/izindaba/yikuphi-okungcono-ukwesula-nokulinda-impesheni-14741468
306, ugwetshiwe obepequlula iselula yomyeni wakhe ,"crime, law and justice",http://www.isolezwe.co.za/izindaba/ugwetshiwe-obepequlula-iselula-yomyeni-wakhe-17384648
307, sekwanele i cwusa izokweseka owesolezwe ,society,https://www.isolezwe.co.za/izindaba/sekwanele-i-cwusa-izokweseka-owesolezwe-15215625
308, imeya ecaleni lokushaya owe da ,"crime, law and justice",https://www.isolezwe.co.za/izindaba/imeya-ecaleni-lokushaya-owe-da-14953504
309, kuzophenywa ngolwezingane ehostela ,society,https://www.isolezwe.co.za/izindaba/kuzophenywa-ngolwezingane-ehostela-14859444
310, amabhizinisi ethu awiswa yilaba bokufika emalokishini ,society,https://www.isolezwe.co.za/izindaba/amabhizinisi-ethu-awiswa-yilaba-bokufika-emalokishini-15071864
311, imibono ngiwubona uxova izindlu zasendlunkulu umnyango wakwacogta ,politics,http://www.isolezwe.co.za/izindaba/imibono-ngiwubona-uxova-izindlu-zasendlunkulu-umnyango-wakwacogta-17338802
312, ushicilele incwadi esejele owabulala intombi yakhe ,"crime, law and justice",http://www.isolezwe.co.za/izindaba/ushicilele-incwadi-esejele-owabulala-intombi-yakhe-17438135
313, bafuna kuphenyisiswe ngokubulawa kwekhansela ,"crime, law and justice",http://www.isolezwe.co.za/izindaba/bafuna-kuphenyisiswe-ngokubulawa-kwekhansela-17581590
314, unqatshelwe ibheyili osephenduke umgodi onganukwanja emndenini wakhe ,politics,http://www.isolezwe.co.za/izindaba/unqatshelwe-ibheyili-osephenduke-umgodi-onganukwanja-emndenini-wakhe-17522609
315, zimapeketwane izinto kwi da ekapa ,politics,http://www.isolezwe.co.za/izindaba/zimapeketwane-izinto-kwi-da-ekapa-17640224
316, kusolwa amaphoyisa ngokuthumba ,"crime, law and justice",http://www.isolezwe.co.za/izindaba/kusolwa-amaphoyisa-ngokuthumba-17409762
317, i anc emhlanganweni ophuthumayo ngolwevbs mutual bank ,"crime, law and justice",http://www.isolezwe.co.za/izindaba/i-anc-emhlanganweni-ophuthumayo-ngolwevbs-mutual-bank-17480111
318, ayikho imali yamaholo ,"economy, business and finance",http://www.isolezwe.co.za/izindaba/ayikho-imali-yamaholo-17632737
319, ngifuna ukugeza igama lami ajay gupta ,"crime, law and justice",http://www.isolezwe.co.za/izindaba/ngifuna-ukugeza-igama-lami-ajay-gupta-17587322
320, omotosotrial uzidonsele amanzi ngomsele ngemibuzo ummeli ka omotoso ,"crime, law and justice",http://www.isolezwe.co.za/izindaba/omotosotrial-uzidonsele-amanzi-ngomsele-ngemibuzo-ummeli-ka-omotoso-17518549
321, sizoya ngenkani emaphoyiseni ,politics,http://www.isolezwe.co.za/izindaba/sizoya-ngenkani-emaphoyiseni-17682626
322, limlahlile obezibiza ngengonyama ,politics,http://www.isolezwe.co.za/izindaba/limlahlile-obezibiza-ngengonyama-17472186
323, urapulana seiphemo uvele enkantolo kwelokungayikhokhi intela ,"economy, business and finance",http://www.isolezwe.co.za/izindaba/urapulana-seiphemo-uvele-enkantolo-kwelokungayikhokhi-intela-17539651
324, ucwaningo ngodlame ezikoleni ,"crime, law and justice",http://www.isolezwe.co.za/izindaba/ucwaningo-ngodlame-ezikoleni-17348451
325, umfana ona  kwelokudlwengula abafana ,"crime, law and justice",http://www.isolezwe.co.za/izindaba/umfana-ona-15-kwelokudlwengula-abafana-17573416
326, kudutshulwe amadoda asolwa ngokubulala onogada egoli ,"crime, law and justice",http://www.isolezwe.co.za/izindaba/kudutshulwe-amadoda-asolwa-ngokubulala-onogada-egoli-17600862
327, akakasithathi isinqumo ngekusasa lakhe ude lille olaxaze ida ,politics,http://www.isolezwe.co.za/izindaba/akakasithathi-isinqumo-ngekusasa-lakhe-ude-lille-olaxaze-ida-17720461
328, uphele kamuncu umshado kushona umngani wabebeshada ,society,http://www.isolezwe.co.za/izindaba/uphele-kamuncu-umshado-kushona-umngani-wabebeshada-17599878
329, i da ivulele ungqongqoshe icala lokuqamba amanga ,"crime, law and justice",http://www.isolezwe.co.za/izindaba/i-da-ivulele-ungqongqoshe-icala-lokuqamba-amanga-17348092
330, akazisoli ophikise izifungo zomshado ,society,http://www.isolezwe.co.za/izindaba/akazisoli-ophikise-izifungo-zomshado-17717507
331, umndeni awenelisekile ngencazelo mayelana nelungu elishone ejele ,"crime, law and justice",http://www.isolezwe.co.za/izindaba/umndeni-awenelisekile-ngencazelo-mayelana-nelungu-elishone-ejele-17537808
332, usesibhedlela oshiswe yiphoyisa ,"crime, law and justice",http://www.isolezwe.co.za/izindaba/usesibhedlela-oshiswe-yiphoyisa-17702998
333, bafuna ugigaba achaze enkantolo ngesikweletu ,"crime, law and justice",http://www.isolezwe.co.za/izindaba/bafuna-ugigaba-achaze-enkantolo-ngesikweletu-17573630
334, uramaphosa umise abashushisi emsebenzini ngamacala athinta imali ,"crime, law and justice",http://www.isolezwe.co.za/izindaba/uramaphosa-umise-abashushisi-emsebenzini-ngamacala-athinta-imali-17657226
335, ufuna ahoxiswe amacala abekwe wona u omotoso ,"crime, law and justice",http://www.isolezwe.co.za/izindaba/ufuna-ahoxiswe-amacala-abekwe-wona-u-omotoso-17397927
336, ufiselwe inhlanhla owelika omotoso ,"crime, law and justice",http://www.isolezwe.co.za/izindaba/ufiselwe-inhlanhla-owelika-omotoso-17537814
337, bahlomule lukhulu bethuthukiswa kwezomnotho ,society,http://www.isolezwe.co.za/izindaba/bahlomule-lukhulu-bethuthukiswa-kwezomnotho-17540478
338, ukuchela ushibhoshi akuzibalekisi izinyoka ungoti ,society,http://www.isolezwe.co.za/izindaba/ukuchela-ushibhoshi-akuzibalekisi-izinyoka-ungoti-17589886
339, ushaywe abazali bengane ayifundisayo ,"crime, law and justice",http://www.isolezwe.co.za/izindaba/ushaywe-abazali-bengane-ayifundisayo-17587892
340, ingqungquthela ye ifp ihlehlile kubanga izithunywa ,politics,http://www.isolezwe.co.za/izindaba/ingqungquthela-ye-ifp-ihlehlile-kubanga-izithunywa-17309618
341, kuvulwe isikole esisezingeni eliphezulu emkhanyakude ,education,http://www.isolezwe.co.za/izindaba/kuvulwe-isikole-esisezingeni-eliphezulu-emkhanyakude-17339639
342, imibono sekuphume imiphefumulo ngemali ekhokhwa emarenki ,"economy, business and finance",http://www.isolezwe.co.za/izindaba/imibono-sekuphume-imiphefumulo-ngemali-ekhokhwa-emarenki-17355747
343, ezibuhlungu azipheli kubashayeli bezimoto nakubathengi ,"economy, business and finance",http://www.isolezwe.co.za/izindaba/ezibuhlungu-azipheli-kubashayeli-bezimoto-nakubathengi-17286154
344, inkinga kaphethroli isishaye uhlelo lwamanzi ,society,http://www.isolezwe.co.za/izindaba/inkinga-kaphethroli-isishaye-uhlelo-lwamanzi-17392213
345, indlala isadla lubi ebantwini abaningi ,society,http://www.isolezwe.co.za/izindaba/indlala-isadla-lubi-ebantwini-abaningi-17537810
346, i eff isazoneka amahlazo kanene ,politics,http://www.isolezwe.co.za/izindaba/i-eff-isazoneka-amahlazo-kanene-17384595
347, ngangingadlwenguli ngangikhokhisa ,"crime, law and justice",http://www.isolezwe.co.za/izindaba/ngangingadlwenguli-ngangikhokhisa-18388767
348, bubuyiselwe ubuholi be ancyl ,politics,http://www.isolezwe.co.za/izindaba/bubuyiselwe-ubuholi-be-ancyl-18404831
349, iphoyisa ecaleni lokubulala kubangwa ukupaka ,"crime, law and justice",http://www.isolezwe.co.za/izindaba/iphoyisa-ecaleni-lokubulala-kubangwa-ukupaka-18606153
350, uzowudlela esitokisini ukhisimusi umfundisi osolwa ngokudlwengula ,"crime, law and justice",http://www.isolezwe.co.za/izindaba/uzowudlela-esitokisini-ukhisimusi-umfundisi-osolwa-ngokudlwengula-18556750
351, ukugwazana kwabafundi kudonse iso lemeya ,"crime, law and justice",http://www.isolezwe.co.za/izindaba/ukugwazana-kwabafundi-kudonse-iso-lemeya-18542097
352, bakhala ngobudedengu bukamasipala kuminza ingane ,"crime, law and justice",http://www.isolezwe.co.za/izindaba/bakhala-ngobudedengu-bukamasipala-kuminza-ingane-18480517
353, uzuma kwabajutshwe ephalamende ngo  ,politics,http://www.isolezwe.co.za/izindaba/uzuma-kwabajutshwe-ephalamende-ngo-2019-18606064
354, kufunwa amadoda abaleke   wesitolo olundi ,"crime, law and justice",http://www.isolezwe.co.za/izindaba/kufunwa-amadoda-abaleke-nor154-000-wesitolo-olundi-18381255
355, azokhushulwa amaphoyisa cele ,"crime, law and justice",http://www.isolezwe.co.za/izindaba/azokhushulwa-amaphoyisa-cele-18418255
356, unyaka ubunzima emaphoyiseni ,"crime, law and justice",http://www.isolezwe.co.za/izindaba/unyaka-ubunzima-emaphoyiseni-18571266
357, iphithene amakhanda imndeni yabababoshwe ngelezidakamizwa e us ,"crime, law and justice",http://www.isolezwe.co.za/izindaba/iphithene-amakhanda-imndeni-yabababoshwe-ngelezidakamizwa-e-us-18423143
358, bazowudlela esitokisini ababulala oqapha umchunu ,"crime, law and justice",http://www.isolezwe.co.za/izindaba/bazowudlela-esitokisini-ababulala-oqapha-umchunu-18529385
359, kuhlonyiswe imbokodo ihlangene kobusethekwini ,society,http://www.isolezwe.co.za/izindaba/kuhlonyiswe-imbokodo-ihlangene-kobusethekwini-18374904
360, umfundisi unikele ngesidumbu sendodakazi esokeni ,society,http://www.isolezwe.co.za/izindaba/umfundisi-unikele-ngesidumbu-sendodakazi-esokeni-18644684
361, imeya iphikisa imibiko yokuthi izoboshwa maduze ,politics,http://www.isolezwe.co.za/izindaba/imeya-iphikisa-imibiko-yokuthi-izoboshwa-maduze-18572028
362, i icasa nemizamo yokwehlisa intengo ye data ekhalisa iningi ,society,http://www.isolezwe.co.za/izindaba/i-icasa-nemizamo-yokwehlisa-intengo-ye-data-ekhalisa-iningi-18586499
363, kuzalwe izingane eziwu  ngokhisimusi ekzn ,society,http://www.isolezwe.co.za/izindaba/kuzalwe-izingane-eziwu-106-ngokhisimusi-ekzn-18624511
364, bafuna omiselwe ukufequza abuye ,politics,http://www.isolezwe.co.za/izindaba/bafuna-omiselwe-ukufequza-abuye-18528906
365, siyanda esababoshelwe ukwephula umthetho ,"crime, law and justice",http://www.isolezwe.co.za/izindaba/siyanda-esababoshelwe-ukwephula-umthetho-18606382
366, abanalo isasasa ngemiphumela asebelinde iminyaka emine ,education,http://www.isolezwe.co.za/izindaba/abanalo-isasasa-ngemiphumela-asebelinde-iminyaka-emine-18392470
367, kuwe insika kudlula emhlabeni umsimang ,society,http://www.isolezwe.co.za/izindaba/kuwe-insika-kudlula-emhlabeni-umsimang-18374817
368,http://www.isolezwe.co.za/tvbox/bahlalele ovalweni abe uber ngosomatekisi ,"crime, law and justice",http://www.isolezwe.co.za/tvbox/bahlalele-ovalweni-abe-uber-ngosomatekisi-18492633
369, kulindeleke isinqumo kolukazuma ,politics,http://www.isolezwe.co.za/izindaba/kulindeleke-isinqumo-kolukazuma-17810415
370, kusewumqansa ukuthola ulwazi ngofakazi owashona eqashiwe ,"crime, law and justice",http://www.isolezwe.co.za/izindaba/kusewumqansa-ukuthola-ulwazi-ngofakazi-owashona-eqashiwe-18236169
371, inkakha yekaizer chiefs kwelezidakamizwa ,"crime, law and justice",http://www.isolezwe.co.za/izindaba/inkakha-yekaizer-chiefs-kwelezidakamizwa-18223568
372, abathintekayo ebufakazini bazoziphendulela kodwa ,"crime, law and justice",http://www.isolezwe.co.za/izindaba/abathintekayo-ebufakazini-bazoziphendulela-kodwa-18114669
373, kudume amakhanda befelwa yizinkomo ezidle ushevu ,"crime, law and justice",http://www.isolezwe.co.za/izindaba/kudume-amakhanda-befelwa-yizinkomo-ezidle-ushevu-18190005
374, ufaka umasipala enkantolo odilizelwe isitolo ,"crime, law and justice",http://www.isolezwe.co.za/izindaba/ufaka-umasipala-enkantolo-odilizelwe-isitolo-18235112
375, ushade namadoda amabili ,society,http://www.isolezwe.co.za/izindaba/ushade-namadoda-amabili-17732307
376, umantashe wabhalelwa abakwagupta ,politics,http://www.isolezwe.co.za/izindaba/umantashe-wabhalelwa-abakwagupta-18293443
377, i sassa inxusa kushintshwe amakhadi ,society,http://www.isolezwe.co.za/izindaba/i-sassa-inxusa-kushintshwe-amakhadi-18324916
378, ubonang ushaywe ngoswazi oluncane kwelentela ,"crime, law and justice",http://www.isolezwe.co.za/izindaba/ubonang-ushaywe-ngoswazi-oluncane-kwelentela-18283609
379, akukho okuphambene nomthetho engakwenza ,"crime, law and justice",http://www.isolezwe.co.za/izindaba/akukho-okuphambene-nomthetho-engakwenza-18130028
380, bafuna ubulungiswa ngoshaywe esolwa ngokweba  ,"crime, law and justice",http://www.isolezwe.co.za/izindaba/bafuna-ubulungiswa-ngoshaywe-esolwa-ngokweba-ur50-18236512
381, izigqaja ngo  izama high ,education,http://www.isolezwe.co.za/izindaba/izigqaja-ngo-100-izama-high-17803186
382, isikhungo sibuyisa imidlalo yakudala ,society,http://www.isolezwe.co.za/izindaba/isikhungo-sibuyisa-imidlalo-yakudala-18314819
383, abaphumele obala abahlukunyezwa emabandleni ,society,http://www.isolezwe.co.za/izindaba/abaphumele-obala-abahlukunyezwa-emabandleni-17867085
384, baphinde baboshwa abadle umhlaba ,"crime, law and justice",http://www.isolezwe.co.za/izindaba/baphinde-baboshwa-abadle-umhlaba-18127629
385, udinga umhlengi ozoya phesheya ,education,http://www.isolezwe.co.za/izindaba/udinga-umhlengi-ozoya-phesheya-17037377
386, imilutha ididiyela isiphuzo ngama pads asebenzile ,society,http://www.isolezwe.co.za/izindaba/imilutha-ididiyela-isiphuzo-ngama-pads-asebenzile-18285459
387, kuzophenywa izikhulu zetransnet ne eskom ,"crime, law and justice",http://www.isolezwe.co.za/izindaba/kuzophenywa-izikhulu-zetransnet-ne-eskom-18178231
388, kudideke umndeni ngomfundi ozibulele ,"crime, law and justice",http://www.isolezwe.co.za/izindaba/kudideke-umndeni-ngomfundi-ozibulele-17810416
389, banqatshelwe ukubhala abafundi abangathenjwa ,education,http://www.isolezwe.co.za/izindaba/banqatshelwe-ukubhala-abafundi-abangathenjwa-17737212
390, uhlonishwe ngokuqhakambisa izilimi zesintu ,education,http://www.isolezwe.co.za/izindaba/uhlonishwe-ngokuqhakambisa-izilimi-zesintu-18127239
391, impi ngeke ixazulule olomhlaba ,politics,http://www.isolezwe.co.za/izindaba/impi-ngeke-ixazulule-olomhlaba-18268839
392, kukhunjulwe umlando wakwamashu ,"crime, law and justice",http://www.isolezwe.co.za/izindaba/kukhunjulwe-umlando-wakwamashu-18325039
393, usteenhuisen uthi akayekwe esikhundleni sakhe ,politics,http://www.isolezwe.co.za/izindaba/usteenhuisen-uthi-akayekwe-esikhundleni-sakhe-18279459
394, ungqongqoshe umangalele umalema ,"crime, law and justice",http://www.isolezwe.co.za/izindaba/ungqongqoshe-umangalele-umalema-18268807
395, ugeqe amagula ecaleni labakwakhoza ,"crime, law and justice",http://www.isolezwe.co.za/izindaba/ugeqe-amagula-ecaleni-labakwakhoza-18315373
396, uvalo kugasela izigebengu emahhovisi ,"crime, law and justice",http://www.isolezwe.co.za/izindaba/uvalo-kugasela-izigebengu-emahhovisi-17793479
397, udlelwe ifa lika  million osebenza engadini ,"crime, law and justice",http://www.isolezwe.co.za/izindaba/udlelwe-ifa-lika-r58-million-osebenza-engadini-17872360
398, siyanda isibalo sabafundi abanukubezwa ngokocansi ezikoleni kwazulu natal ,"crime, law and justice",http://www.isolezwe.co.za/izindaba/siyanda-isibalo-sabafundi-abanukubezwa-ngokocansi-ezikoleni-kwazulu-natal-18180958
399, le khomishini kazondo izoyishaya iyibhuqe i anc ,politics,http://www.isolezwe.co.za/izindaba/le-khomishini-kazondo-izoyishaya-iyibhuqe-i-anc-18238185
400, kukhalwa ngenkosi yasenquthu ekhokhisa abangaganiwe intela yobumpohlo ,"economy, business and finance",http://www.isolezwe.co.za/izindaba/kukhalwa-ngenkosi-yasenquthu-ekhokhisa-abangaganiwe-intela-yobumpohlo-18112710
401, angase ahoxiswe amacala athinta abakwagupta ,"crime, law and justice",http://www.isolezwe.co.za/izindaba/angase-ahoxiswe-amacala-athinta-abakwagupta-18302386
402, inkabi izishaya isifuba ngokuqotha abantu ,politics,http://www.isolezwe.co.za/izindaba/inkabi-izishaya-isifuba-ngokuqotha-abantu-18175285
403, kunxuswa obaba bavikele izingane ,"crime, law and justice",http://www.isolezwe.co.za/izindaba/kunxuswa-obaba-bavikele-izingane-18130025
404, umfundi wakwagrade  ugwaze wabulala owakwagrade  esikoleni ,"crime, law and justice",http://www.isolezwe.co.za/izindaba/umfundi-wakwagrade-11-ugwaze-wabulala-owakwagrade-1-esikoleni-18222049
405, uzibulale ngesibhamu sephoyisa ,"crime, law and justice",http://www.isolezwe.co.za/izindaba/uzibulale-ngesibhamu-sephoyisa-18301749
406, baphoxekile bengaholi abadala nabagulayo ,society,http://www.isolezwe.co.za/izindaba/baphoxekile-bengaholi-abadala-nabagulayo-17066959
407, sizithintele iziqandu isikhulu samaphoyisa ,"crime, law and justice",http://www.isolezwe.co.za/izindaba/sizithintele-iziqandu-isikhulu-samaphoyisa-16854359
408, utrump ushaya udaka kwinkonzo yasekamelweni ,society,http://www.isolezwe.co.za/izindaba/utrump-ushaya-udaka-kwinkonzo-yasekamelweni-17140326
409, ungoti ugxeka uhulumeni ngemfundo engagculisi ,education,http://www.isolezwe.co.za/izindaba/ungoti-ugxeka-uhulumeni-ngemfundo-engagculisi-16869090
410, umalema usole uramaphosa ngokuba nolimi olumbhaxambili ,politics,http://www.isolezwe.co.za/izindaba/umalema-usole-uramaphosa-ngokuba-nolimi-olumbhaxambili-17034971
411, imibono liyahamba itheku kukhongolose uma ungashintshi ,politics,http://www.isolezwe.co.za/izindaba/imibono-liyahamba-itheku-kukhongolose-uma-ungashintshi-16863028
412, ubuholi obusha besifunda iharry gwala ,politics,http://www.isolezwe.co.za/izindaba/ubuholi-obusha-besifunda-iharry-gwala-16865528
413, abakwampisane basuse ivideo kasbahle ngemuva kokugxekwa ezinkundleni ,"crime, law and justice",http://www.isolezwe.co.za/izindaba/abakwampisane-basuse-ivideo-kasbahle-ngemuva-kokugxekwa-ezinkundleni-17025981
414, imibono savelelwa ekolishi lamaphoyisa olundi senziwa opopayi ,education,http://www.isolezwe.co.za/izindaba/imibono-savelelwa-ekolishi-lamaphoyisa-olundi-senziwa-opopayi-17213605
415, sekunemishwalense ekhokhela abebelwe izinwele ,"crime, law and justice",http://www.isolezwe.co.za/izindaba/sekunemishwalense-ekhokhela-abebelwe-izinwele-17143971
416, bafuna ukukhululeka abensangu ,"crime, law and justice",http://www.isolezwe.co.za/izindaba/bafuna-ukukhululeka-abensangu-17201815
417,http://www.isolezwe.co.za/ezokungcebeleka/luyashuba olukabonang nabaqoqi bentela ,"crime, law and justice",http://www.isolezwe.co.za/ezokungcebeleka/luyashuba-olukabonang-nabaqoqi-bentela-17274938
418, bashise isikole befuna umhlaba ,"crime, law and justice",http://www.isolezwe.co.za/izindaba/bashise-isikole-befuna-umhlaba-17066615
419, uzuma netulo lokuketula uramaphosa ,politics,http://www.isolezwe.co.za/izindaba/uzuma-netulo-lokuketula-uramaphosa-16975545
420, umncwango ugxekwa kolokufa kwesiguli ,"crime, law and justice",http://www.isolezwe.co.za/izindaba/umncwango-ugxekwa-kolokufa-kwesiguli-17228219
421, uzombuleka izinqe uwilliams muthambi ,politics,http://www.isolezwe.co.za/izindaba/uzombuleka-izinqe-uwilliams-muthambi-16886678
422, bakhona abahlela ukuketula umengameli umhlaziyi ,politics,http://www.isolezwe.co.za/izindaba/bakhona-abahlela-ukuketula-umengameli-umhlaziyi-17009400
423, akalali owabona kubulawa intombi yomzala wakhe ,"crime, law and justice",http://www.isolezwe.co.za/izindaba/akalali-owabona-kubulawa-intombi-yomzala-wakhe-16900120
424, imibono sizowenzani umhlaba sisahlulwa yilo omncane ,society,http://www.isolezwe.co.za/izindaba/imibono-sizowenzani-umhlaba-sisahlulwa-yilo-omncane-16884516
425, awuhlukile nokukipita umshado omhlophe ,society,http://www.isolezwe.co.za/izindaba/awuhlukile-nokukipita-umshado-omhlophe-17093157
426, uzwane wayesicindeza ngolwakagupta ,"economy, business and finance",http://www.isolezwe.co.za/izindaba/uzwane-wayesicindeza-ngolwakagupta-17154454
427, uboshiwe umfundi obulale uthisha ,"crime, law and justice",http://www.isolezwe.co.za/izindaba/uboshiwe-umfundi-obulale-uthisha-17093284
428, isitshudeni sigwazwe sashona kunomcimbi ,"crime, law and justice",http://www.isolezwe.co.za/izindaba/isitshudeni-sigwazwe-sashona-kunomcimbi-17094834
429, imibono sidangele ngomonakalo owenziwe ngumsholozi kubantu ,politics,http://www.isolezwe.co.za/izindaba/imibono-sidangele-ngomonakalo-owenziwe-ngumsholozi-kubantu-17026132
430, uhlahlele unina wahuqa ubuthongo ,"crime, law and justice",http://www.isolezwe.co.za/izindaba/uhlahlele-unina-wahuqa-ubuthongo-17144452
431, amaphoyisa enza umsebenzi oncomekayo kwelikameyiwa chicco twala ,"crime, law and justice",http://www.isolezwe.co.za/izindaba/amaphoyisa-enza-umsebenzi-oncomekayo-kwelikameyiwa-chicco-twala-37251882
432, inkinga yesitifiketi somshado engalungiseki ,society,http://www.isolezwe.co.za/izindaba/inkinga-yesitifiketi-somshado-engalungiseki-37450208
433, okusha ngokubulawa kwesitshudeni sasedut ,"crime, law and justice",http://www.isolezwe.co.za/izindaba/okusha-ngokubulawa-kwesitshudeni-sasedut-36752170
434, umoyane ujabulele ithuba lokupheka ugordhan ,"economy, business and finance",http://www.isolezwe.co.za/izindaba/umoyane-ujabulele-ithuba-lokupheka-ugordhan-37986976
435, uyaveva ungqongqoshe ngokubulawa kwezinhloli ,"crime, law and justice",http://www.isolezwe.co.za/izindaba/uyaveva-ungqongqoshe-ngokubulawa-kwezinhloli-36821111
436, umphakathi utitinye obebonisa izingane ama video ocansi ,"crime, law and justice",http://www.isolezwe.co.za/izindaba/umphakathi-utitinye-obebonisa-izingane-ama-video-ocansi-36969653
437, kubanjwe umfana  egibele imfene ,society,http://www.isolezwe.co.za/izindaba/kubanjwe-umfana-9-egibele-imfene-37405066
438, i ifp ifuna iqiniso kosolwa ngokubulala ikhansela ,"crime, law and justice",http://www.isolezwe.co.za/izindaba/i-ifp-ifuna-iqiniso-kosolwa-ngokubulala-ikhansela-36648785
439, kubhuntshe umngcwabo kubangwa imali ,society,http://www.isolezwe.co.za/izindaba/kubhuntshe-umngcwabo-kubangwa-imali-37116631
440, ubathabile dlamini ujabulela ukubuyela kuhulumeni ,politics,http://www.isolezwe.co.za/izindaba/ubathabile-dlamini-ujabulela-ukubuyela-kuhulumeni-37451885
441, umqaphi udubule uzakwabo wafa ,"crime, law and justice",http://www.isolezwe.co.za/izindaba/umqaphi-udubule-uzakwabo-wafa-36747884
442, uthole ibheyili owe anc odabeni lwesibhamu ,"crime, law and justice",http://www.isolezwe.co.za/izindaba/uthole-ibheyili-owe-anc-odabeni-lwesibhamu-37938258
443, abafundi banxuswa ukungayoni inyufomu ,education,http://www.isolezwe.co.za/izindaba/abafundi-banxuswa-ukungayoni-inyufomu-37989851
444, kushayisana ubufakazi bukamaseko nobukazuma ,"crime, law and justice",http://www.isolezwe.co.za/izindaba/kushayisana-ubufakazi-bukamaseko-nobukazuma-36809229
445, bavunyelwa abakwagupta ukuwaka ,"crime, law and justice",http://www.isolezwe.co.za/izindaba/bavunyelwa-abakwagupta-ukuwaka-37558954
446, owasentulabakayise uzomela ikzn ,education,http://www.isolezwe.co.za/izindaba/owasentulabakayise-uzomela-ikzn-38612044
447, uhulumeni uzolekelela abafuna ukutshala insangu ,"economy, business and finance",http://www.isolezwe.co.za/izindaba/uhulumeni-uzolekelela-abafuna-ukutshala-insangu-38058743
448, babanga imali yethenda kwazuma ,"crime, law and justice",http://www.isolezwe.co.za/izindaba/babanga-imali-yethenda-kwazuma-37942771
449, itholwe ibulewe esimobeni ingoduso ,"crime, law and justice",http://www.isolezwe.co.za/izindaba/itholwe-ibulewe-esimobeni-ingoduso-38990035
450, usizi isidumbu siduve phesheya ,society,http://www.isolezwe.co.za/izindaba/usizi-isidumbu-siduve-phesheya-38488477
451, kukhalwa ngobeyimeya ohola otha isigcaki ,politics,http://www.isolezwe.co.za/izindaba/kukhalwa-ngobeyimeya-ohola-otha-isigcaki-39203124
452, abafundi bawine ngokwenza ujamu ,education,http://www.isolezwe.co.za/izindaba/abafundi-bawine-ngokwenza-ujamu-39124641
453, i anc izothathela amakhansela izinyathelo ,"crime, law and justice",http://www.isolezwe.co.za/izindaba/i-anc-izothathela-amakhansela-izinyathelo-39347813
454, bagwetshiwe abakhwabanisa kuhulumeni ,"crime, law and justice",http://www.isolezwe.co.za/izindaba/bagwetshiwe-abakhwabanisa-kuhulumeni-38738380
455, ufuna ukuzwana kwi ifp ne anc ,politics,http://www.isolezwe.co.za/izindaba/ufuna-ukuzwana-kwi-ifp-ne-anc-38981995
456, usikhomba kumufi isibhamu esabulala ,"crime, law and justice",http://www.isolezwe.co.za/izindaba/usikhomba-kumufi-isibhamu-esabulala-39122671
457, bafuna kushintshwe umphenyi wecala lowe ancyl ,"crime, law and justice",http://www.isolezwe.co.za/izindaba/bafuna-kushintshwe-umphenyi-wecala-lowe-ancyl-39661170
458, kukhunjulwe iqhaza lenkosi kwembulwa itshe ,politics,http://www.isolezwe.co.za/izindaba/kukhunjulwe-iqhaza-lenkosi-kwembulwa-itshe-39470399
459, sasithembisene ukuthi siyohlukaniswa wukufa nozolile ,"crime, law and justice",http://www.isolezwe.co.za/izindaba/sasithembisene-ukuthi-siyohlukaniswa-wukufa-nozolile-39066159
460, inhlangano ezosiza intsha ngemfundo ,"economy, business and finance",http://www.isolezwe.co.za/izindaba/inhlangano-ezosiza-intsha-ngemfundo-38929653
461, ukhala ngomthetho umndeni wobulelwe ,"crime, law and justice",http://www.isolezwe.co.za/izindaba/ukhala-ngomthetho-umndeni-wobulelwe-38921851
462, isenzima eyokulwa nokuhlukunyezwa ,"crime, law and justice",http://www.isolezwe.co.za/izindaba/isenzima-eyokulwa-nokuhlukunyezwa-39066085
463, umsindo ngemali ngekamandela ,"crime, law and justice",http://www.isolezwe.co.za/izindaba/umsindo-ngemali-ngekamandela-38738450
464, usulala obenyoni umndeni okwaqothwa  kuwona ,"crime, law and justice",http://www.isolezwe.co.za/izindaba/usulala-obenyoni-umndeni-okwaqothwa-6-kuwona-39404384
465, ublade uphonsele abamakolishi inselelo ,education,http://www.isolezwe.co.za/izindaba/ublade-uphonsele-abamakolishi-inselelo-38740511
466, kuboshwe usomlomo osolwa ngokweba ,"crime, law and justice",http://www.isolezwe.co.za/izindaba/kuboshwe-usomlomo-osolwa-ngokweba-38797685
467, kuvalwe amashibhi kutheleka ungqongqoshe ,society,http://www.isolezwe.co.za/izindaba/kuvalwe-amashibhi-kutheleka-ungqongqoshe-39067200
468, kusolwa isoka ngobulawe ezithwele ,"crime, law and justice",http://www.isolezwe.co.za/izindaba/kusolwa-isoka-ngobulawe-ezithwele-38692881
469, udilika kowabulala owasedut ngesando ,"crime, law and justice",http://www.isolezwe.co.za/izindaba/udilika-kowabulala-owasedut-ngesando-39066525
470, ubulale abemsola ngokujola nentombi ,"crime, law and justice",http://www.isolezwe.co.za/izindaba/ubulale-abemsola-ngokujola-nentombi-38539240
471, lihlehlile icala lamalungu e anc angeneme ,"crime, law and justice",http://www.isolezwe.co.za/izindaba/lihlehlile-icala-lamalungu-e-anc-angeneme-18792467
472, intsha izwa imanqikanqika ukuvota ,politics,http://www.isolezwe.co.za/izindaba/intsha-izwa-imanqikanqika-ukuvota-18866793
473, u agrizzi ukhomba nojiba kolomgwazo ,"crime, law and justice",http://www.isolezwe.co.za/izindaba/u-agrizzi-ukhomba-nojiba-kolomgwazo-18964334
474, kulindelwe ezinoju nobisi kowe anc ,politics,http://www.isolezwe.co.za/izindaba/kulindelwe-ezinoju-nobisi-kowe-anc-18777512
475, kutholwe itekisi yeda ebintshontshiwe ,"crime, law and justice",http://www.isolezwe.co.za/izindaba/kutholwe-itekisi-yeda-ebintshontshiwe-18893176
476, lihlehlisiwe elikapitch black afro ozofaka isicelo sebheyili ,"crime, law and justice",http://www.isolezwe.co.za/izindaba/lihlehlisiwe-elikapitch-black-afro-ozofaka-isicelo-sebheyili-18867853
477, i anc ilungisa indida ngomengameli ,politics,http://www.isolezwe.co.za/izindaba/i-anc-ilungisa-indida-ngomengameli-19007253
478, i anc izosindela ukuxega kwaphikisayo ,politics,http://www.isolezwe.co.za/izindaba/i-anc-izosindela-ukuxega-kwaphikisayo-18807774
479, sekuyafundwa esikoleni somsindo   ,"crime, law and justice",http://www.isolezwe.co.za/izindaba/sekuyafundwa-esikoleni-somsindo-kar40-000-19058583
480, uzobuyela enkantolo ngelizayo obulale izingane zakhe  ,"crime, law and justice",http://www.isolezwe.co.za/izindaba/uzobuyela-enkantolo-ngelizayo-obulale-izingane-zakhe-4-18739318
481, kuthungathwa owaduka evakashele isoka ,"crime, law and justice",http://www.isolezwe.co.za/izindaba/kuthungathwa-owaduka-evakashele-isoka-19007037
482, izongenisa  bn imigubho ye anc kwazulu natal ,"economy, business and finance",http://www.isolezwe.co.za/izindaba/izongenisa-ur2-bn-imigubho-ye-anc-kwazulu-natal-18777807
483, kusolwa ukhwantalala kozikhungile ,"crime, law and justice",http://www.isolezwe.co.za/izindaba/kusolwa-ukhwantalala-kozikhungile-18777510
484, i sace ichitha izinsolo ngesikhulu sesadtu ekzn ,education,http://www.isolezwe.co.za/izindaba/i-sace-ichitha-izinsolo-ngesikhulu-sesadtu-ekzn-19058287
485, impendulo kazuma ngabakwenza ,education,http://www.isolezwe.co.za/izindaba/impendulo-kazuma-ngabakwenza-19058586
486, iqembu labensangu lifuna amavoti ,politics,http://www.isolezwe.co.za/izindaba/iqembu-labensangu-lifuna-amavoti-18791749
487, isitshudeni sigwetshwe iminyaka emithathu sisebenzela umphakathi ,"crime, law and justice",http://www.isolezwe.co.za/izindaba/isitshudeni-sigwetshwe-iminyaka-emithathu-sisebenzela-umphakathi-19018986
488, uramaphosa uyawavuma amaphutha enziwe yi anc ,politics,http://www.isolezwe.co.za/izindaba/uramaphosa-uyawavuma-amaphutha-enziwe-yi-anc-18806448
489, isinqumo ngebheyili kwelekhansela ,"crime, law and justice",http://www.isolezwe.co.za/izindaba/isinqumo-ngebheyili-kwelekhansela-18777806
490, bashaqekile ngosomabhizinisi ohlambalaze amadodakazi akhe ,"crime, law and justice",http://www.isolezwe.co.za/izindaba/bashaqekile-ngosomabhizinisi-ohlambalaze-amadodakazi-akhe-18806862
491, uyelulama umsakazi wokhozi odutshuliwe ,"crime, law and justice",http://www.isolezwe.co.za/izindaba/uyelulama-umsakazi-wokhozi-odutshuliwe-18906584
492, isixazululo ngodoti emlaza ,politics,http://www.isolezwe.co.za/izindaba/isixazululo-ngodoti-emlaza-19039172
493, intokozo kuvulwa ifemu everulam ,"economy, business and finance",http://www.isolezwe.co.za/izindaba/intokozo-kuvulwa-ifemu-everulam-18927762
494, kuboshwe inyanga ebilapha ngomphambili ,"crime, law and justice",http://www.isolezwe.co.za/izindaba/kuboshwe-inyanga-ebilapha-ngomphambili-18892640
495, imibono kubandlululwa abampofu uma kuqashwa othisha ,education,http://www.isolezwe.co.za/izindaba/imibono-kubandlululwa-abampofu-uma-kuqashwa-othisha-18810776
496, zingase zivalwe izikoleezithole u  ku matric ,education,http://www.isolezwe.co.za/izindaba/zingase-zivalwe-izikoleezithole-u-0-ku-matric-18741745
497, omunye wabaholi benfp ukhala ngokucwaswa ,politics,http://www.isolezwe.co.za/izindaba/omunye-wabaholi-benfp-ukhala-ngokucwaswa-19038543
498, umokonyane akathi vu ngezinsolo zenkohlakalo ,"crime, law and justice",http://www.isolezwe.co.za/izindaba/umokonyane-akathi-vu-ngezinsolo-zenkohlakalo-18906594
499, kugaselwe ezitolo ezingenamvume ,"crime, law and justice",http://www.isolezwe.co.za/izindaba/kugaselwe-ezitolo-ezingenamvume-19038358
500, uphenyo ngo omotoso okuthiwa ushumayela ngeselula esejele ,"crime, law and justice",http://www.isolezwe.co.za/izindaba/uphenyo-ngo-omotoso-okuthiwa-ushumayela-ngeselula-esejele-18743263
501, baphoxwe yisitatimende sikamantashe ,society,http://www.isolezwe.co.za/izindaba/baphoxwe-yisitatimende-sikamantashe-18893179
502, funda amathiphu kosomabhizinisi abasacathula ,"economy, business and finance",http://www.isolezwe.co.za/izindaba/funda-amathiphu-kosomabhizinisi-abasacathula-18767058
503, imibono i kzn ibalulekile kukhongolose ,politics,http://www.isolezwe.co.za/izindaba/imibono-i-kzn-ibalulekile-kukhongolose-18806864
504, uqhubekile namabhomu akhe u agrizzi ,"crime, law and justice",http://www.isolezwe.co.za/izindaba/uqhubekile-namabhomu-akhe-u-agrizzi-18927084
505, unxele ufuna ukuphosa imibuzo ku agrizzi ,"crime, law and justice",http://www.isolezwe.co.za/izindaba/unxele-ufuna-ukuphosa-imibuzo-ku-agrizzi-19058291
506, funda izindlela ezintsha zokonga imali esitokofeleni sakho ,"economy, business and finance",http://www.isolezwe.co.za/izindaba/funda-izindlela-ezintsha-zokonga-imali-esitokofeleni-sakho-18927960
507, ubafuna ngobuningi babo kowe anc ,politics,http://www.isolezwe.co.za/izindaba/ubafuna-ngobuningi-babo-kowe-anc-18738176
508, uzovela oshayise iphoyisa limumisa ,"crime, law and justice",http://www.isolezwe.co.za/izindaba/uzovela-oshayise-iphoyisa-limumisa-18807235
509, ushayele isipiki ngomhlalaphansi ,"economy, business and finance",http://www.isolezwe.co.za/izindaba/ushayele-isipiki-ngomhlalaphansi-19448409
510, buka umalema uchaza ngokungaphazanyiswa kukaramaphosa ephalamende ,politics,http://www.isolezwe.co.za/izindaba/buka-umalema-uchaza-ngokungaphazanyiswa-kukaramaphosa-ephalamende-19200104
511, omakhelwane baphawula ngokufa kwabathathu eflethini ethekwini ,"crime, law and justice",http://www.isolezwe.co.za/izindaba/omakhelwane-baphawula-ngokufa-kwabathathu-eflethini-ethekwini-19520537
512, ufakazi umphonsa emgodini ujiba ,"crime, law and justice",http://www.isolezwe.co.za/izindaba/ufakazi-umphonsa-emgodini-ujiba-19094349
513, imibono umthetho usebenza kanjani kowetheku ,politics,http://www.isolezwe.co.za/izindaba/imibono-umthetho-usebenza-kanjani-kowetheku-19364977
514, bacele ikhefu abe anc abasolwa emahlazweni ocansi ,"crime, law and justice",http://www.isolezwe.co.za/izindaba/bacele-ikhefu-abe-anc-abasolwa-emahlazweni-ocansi-19518036
515, kuphenduluke imithandazo yabalandela ubushiri ,"crime, law and justice",http://www.isolezwe.co.za/izindaba/kuphenduluke-imithandazo-yabalandela-ubushiri-19174419
516, izobuyela kwi ifp ikwazulu natal msimango ,politics,http://www.isolezwe.co.za/izindaba/izobuyela-kwi-ifp-ikwazulu-natal-msimango-19494193
517, izinyunyana zothisha zishaya amakhala ngekaramaphosa ,education,http://www.isolezwe.co.za/izindaba/izinyunyana-zothisha-zishaya-amakhala-ngekaramaphosa-19253534
518, odilika neminyaka kwababulala abasehostela ,"crime, law and justice",http://www.isolezwe.co.za/izindaba/odilika-neminyaka-kwababulala-abasehostela-19242629
519, uchaza ngokushaqwa kwempahla yabadayisayo ,politics,http://www.isolezwe.co.za/izindaba/uchaza-ngokushaqwa-kwempahla-yabadayisayo-19120302
520, ushiye umyalezo ngemfuyo obulewe ,"crime, law and justice",http://www.isolezwe.co.za/izindaba/ushiye-umyalezo-ngemfuyo-obulewe-19237424
521, kuzohlomula intsha enamabhizinisi ,"economy, business and finance",http://www.isolezwe.co.za/izindaba/kuzohlomula-intsha-enamabhizinisi-19079729
522, badinwe yisinqumo senkantolo ngozakwabo ,"crime, law and justice",http://www.isolezwe.co.za/izindaba/badinwe-yisinqumo-senkantolo-ngozakwabo-19158912
523, inkabi iyacula ngelokusoconga ikhansela ,"crime, law and justice",http://www.isolezwe.co.za/izindaba/inkabi-iyacula-ngelokusoconga-ikhansela-19279101
524, undunankulu ukhuthazwe imibono ,society,http://www.isolezwe.co.za/izindaba/undunankulu-ukhuthazwe-imibono-19563717
525, ungqongqoshe uzosiza ngezicathulo izingane ezihlwempu ezikoleni ,society,http://www.isolezwe.co.za/izindaba/ungqongqoshe-uzosiza-ngezicathulo-izingane-ezihlwempu-ezikoleni-19448251
526, baklajwe bafa besolwa ngobuphara ,"crime, law and justice",http://www.isolezwe.co.za/izindaba/baklajwe-bafa-besolwa-ngobuphara-19319441
527, inkantolo ivune abaqaphe eyakwampisane ,"economy, business and finance",http://www.isolezwe.co.za/izindaba/inkantolo-ivune-abaqaphe-eyakwampisane-19557763
528, geza igama lakho uma usubizwe kwekazondo ,"economy, business and finance",http://www.isolezwe.co.za/izindaba/geza-igama-lakho-uma-usubizwe-kwekazondo-19497699
529, abe anc bacikwa yimeya esaba otokoloshe emotweni ,"crime, law and justice",http://www.isolezwe.co.za/izindaba/abe-anc-bacikwa-yimeya-esaba-otokoloshe-emotweni-19360376
530, uza ekzn umbukiso wabahwebi ,"economy, business and finance",http://www.isolezwe.co.za/izindaba/uza-ekzn-umbukiso-wabahwebi-19177357
531, okulindeleke ukuba kube seqhulwini kwekamchunu ,politics,http://www.isolezwe.co.za/izindaba/okulindeleke-ukuba-kube-seqhulwini-kwekamchunu-19516324
532, obekuhlupha umentor kwikhomishini ,"crime, law and justice",http://www.isolezwe.co.za/izindaba/obekuhlupha-umentor-kwikhomishini-19278915
533, usalila obanjwe inkunzi nguscabha etekisini ,"crime, law and justice",http://www.isolezwe.co.za/izindaba/usalila-obanjwe-inkunzi-nguscabha-etekisini-19539252
534, imibono abahlaziyi abayeke ukugxeka ushenge ,politics,http://www.isolezwe.co.za/izindaba/imibono-abahlaziyi-abayeke-ukugxeka-ushenge-28669895
535, kungezwe ezinye izigidi kusizwa intsha ,"economy, business and finance",http://www.isolezwe.co.za/izindaba/kungezwe-ezinye-izigidi-kusizwa-intsha-29890372
536, basabisa ngomthetho abeyetheku ,politics,http://www.isolezwe.co.za/izindaba/basabisa-ngomthetho-abeyetheku-29093807
537, kusabanjwe umoya ngamatekisi emlaza ,"crime, law and justice",http://www.isolezwe.co.za/izindaba/kusabanjwe-umoya-ngamatekisi-emlaza-29640603
538, kuboshwe obanjwe nemali engaphezulu   ewumkokotelo ,"crime, law and justice",http://www.isolezwe.co.za/izindaba/kuboshwe-obanjwe-nemali-engaphezulu-kukar100-000-ewumkokotelo-29408016
539, uzondo uzocubungula ekazuma ,"crime, law and justice",http://www.isolezwe.co.za/izindaba/uzondo-uzocubungula-ekazuma-29641335
540, esinye isikhalo ngengqungquthela ye ifp ,politics,http://www.isolezwe.co.za/izindaba/esinye-isikhalo-ngengqungquthela-ye-ifp-29424864
541, usemisiwe ongeneme ngokhetho kwi ifp ,politics,http://www.isolezwe.co.za/izindaba/usemisiwe-ongeneme-ngokhetho-kwi-ifp-28651891
542, kubulawe onogada kugqekezwa esikoleni ,"crime, law and justice",http://www.isolezwe.co.za/izindaba/kubulawe-onogada-kugqekezwa-esikoleni-29521129
543, ihhovisi lomvikeli engcupheni ,politics,http://www.isolezwe.co.za/izindaba/ihhovisi-lomvikeli-engcupheni-30065136
544, iphika inkohlakalo yethenda imeya yasekurhuleni ,"crime, law and justice",http://www.isolezwe.co.za/izindaba/iphika-inkohlakalo-yethenda-imeya-yasekurhuleni-29081454
545, amisiwe ukusebenza amared ants asatshwayo ,"crime, law and justice",http://www.isolezwe.co.za/izindaba/amisiwe-ukusebenza-amared-ants-asatshwayo-28584357
546, awahlehleli emuva amasosha emkmva ngemashi yawo ,politics,http://www.isolezwe.co.za/izindaba/awahlehleli-emuva-amasosha-emkmva-ngemashi-yawo-28323296
547, umunyu kuvela owabulala uyise ,"crime, law and justice",http://www.isolezwe.co.za/izindaba/umunyu-kuvela-owabulala-uyise-28925008
548, bazoqashwa ngamaphoyisa abaqoqa udoti emlaza ,society,http://www.isolezwe.co.za/izindaba/bazoqashwa-ngamaphoyisa-abaqoqa-udoti-emlaza-28320760
549, ukungathembeki kwezinga eliphezulu okwenziwa uhanekom ,politics,http://www.isolezwe.co.za/izindaba/ukungathembeki-kwezinga-eliphezulu-okwenziwa-uhanekom-29814148
550, uzimisele ngokuthula ubufakazi owayengukhomishan kwasars ,"economy, business and finance",http://www.isolezwe.co.za/izindaba/uzimisele-ngokuthula-ubufakazi-owayengukhomishan-kwasars-29663498
551, amaphoyisa amane kwelokuthumba ,"crime, law and justice",http://www.isolezwe.co.za/izindaba/amaphoyisa-amane-kwelokuthumba-29887733
552, kwebiwe ukudla kokuphekela abafundi ,"crime, law and justice",http://www.isolezwe.co.za/izindaba/kwebiwe-ukudla-kokuphekela-abafundi-28982101
553, i ifp ibhekene ngeziqu ne da ,politics,http://www.isolezwe.co.za/izindaba/i-ifp-ibhekene-ngeziqu-ne-da-29814759
554, kabahambisani nesinqumo ngemeya yetheku ,politics,http://www.isolezwe.co.za/izindaba/kabahambisani-nesinqumo-ngemeya-yetheku-29028637
555, basola abathile kwi anc ngokugxambukela kwezetheku ,politics,http://www.isolezwe.co.za/izindaba/basola-abathile-kwi-anc-ngokugxambukela-kwezetheku-29264928
556, umkhwebane akahlehli kwelomnikelo webosasa ,politics,http://www.isolezwe.co.za/izindaba/umkhwebane-akahlehli-kwelomnikelo-webosasa-29679654
557, umalema useka umkhwebane ,politics,http://www.isolezwe.co.za/izindaba/umalema-useka-umkhwebane-29745882
558, lidala itulo lokuthi ngisuswe zuma ,politics,http://www.isolezwe.co.za/izindaba/lidala-itulo-lokuthi-ngisuswe-zuma-29232913
559, oklebe bayazi ngezikhalo ngemeya yetheku ,"crime, law and justice",http://www.isolezwe.co.za/izindaba/oklebe-bayazi-ngezikhalo-ngemeya-yetheku-28969869
560, inqwaba eboshelwe inkohlakalo ,"crime, law and justice",http://www.isolezwe.co.za/izindaba/inqwaba-eboshelwe-inkohlakalo-29761047
561, injabulo kwethulwa uhlelo lukagesi enquthu ,politics,http://www.isolezwe.co.za/izindaba/injabulo-kwethulwa-uhlelo-lukagesi-enquthu-29399529
562, sizovulwa isikole esithikaziswe eyezigodi ,society,http://www.isolezwe.co.za/izindaba/sizovulwa-isikole-esithikaziswe-eyezigodi-28657947
