,title,label
1, uyazethemba umfundi odlule ebunzimeni ,"economy, business and finance"
2, akulungiswe isimo kungakonakali mbeki ,politics
3, ubezivikela oshise iphoyisa ngepharishi ,"crime, law and justice"
4, zingase ziwushaye kuminnie dlamini ,"arts, culture, entertainment and media"
5, isenzo sokhozi sikhalise abaculi ,"arts, culture, entertainment and media"
6, ubegadiwe kokasfiso owemoto ka  ,religion and belief
7, ukatsande ukhule esebenza epulazini ,sport
8, i popcru ikhathazekile ngezokuphepha emajele ,"crime, law and justice"
9, ezokungcebeleka/utrevor noah nengxoxo ekhethekile nobarack obama ,politics
10, bevile ku  ababhubhe ezingozini ,"disaster, accident and emergency incident"
11, sebeshaywe ngesithende abaholi benfp ,politics
12, ezemidlalo/abamethusi abadlali abaziwayo ,sport
13, ushadise amadodakazi kanye kanye ,religion and belief
14, kube mnyama kwezimnyama ,sport
15, wayengumfundi oqotho unoma ,"arts, culture, entertainment and media"
16, i anc iphawula ngecala likagordhan ,politics
17, udu boiz uqopha nomrepha wase us ,"arts, culture, entertainment and media"
18, akukho uzuma angakuxolisela anc ,politics
19, udutshulwe esontweni umfundisi ,"crime, law and justice"
20, uzuma usola umadonsela ngokuhambisa ngesinxele ,politics
21, sihlaziya umnotho kusazobhimba impela uma kukhulunywa ngezomnotho ,politics
22, uphuze owokukhipha idliso washona ,"crime, law and justice"
23, umalema ukhwele wadilika kuzuma ,"crime, law and justice"
24, abatokile bashaye abashushisi ngezihlalo ,"crime, law and justice"
25, uhleka yedwa unina wesiboshwa esiyisiqengqe ,"crime, law and justice"
26, usesitokisini osolwa ngokubulala usana ,"crime, law and justice"
27, umkhize uphika ukuthi ufuna esokuba yiphini likaramaphosa ,politics
28, ushone ebalisa ulundi ngesithombe sakhe egula ,"arts, culture, entertainment and media"
29, kugxekwe oshuthe eselibeni likancwane ,society
30, wenze ezibukwayo owafeyila   matric ngo  ,society
31, uvalo kubulawa indodana yenduna ebisongelwa ,"crime, law and justice"
32, ubebaleka owengozi yabafundi ,"crime, law and justice"
33, uyaxolisa ohlale ethuneni likancwane ,"crime, law and justice"
34, ukujiya kocansi nenselelo kubefundisi ,society
35, uqophe igama lakhe emlandweni wesikole ku matric ,education
36, uyofundela ubudokotela obelusa izinkomo ,education
37, itwetwe ngodlame eglebelands ,"crime, law and justice"
38, ama aquarian angabantu babantu ,education
39, umhlaziyi ubona uradebe ekulungele ukuba wumengameli ,politics
40, unqaba inhlawulo ngodlwenguliwe ,"crime, law and justice"
41, akafunwa endaweni osolwa ngokucwasa ,"crime, law and justice"
42, aseqalile ukudayisa amasheya kareddy ,"economy, business and finance"
43, ayaphela amanzi kwezakhele owetheku ,society
44, uvuke isha imoto yakhe umdlali webucs ,sport
45, umsindonge anc awukapheli ,politics
46, kuxwayiswa abazongena enyuvesi nonyaka ,education
47, ngicela uqhubinja angifake ohlwini lwabantu azobondla   ngeso lika volovolo ,"arts, culture, entertainment and media"
48, inceku ephuzisa abantu amafutha ezimoto ,religion and belief
49, usola osonhlalakahle owaphucwa izingane ,"crime, law and justice"
50, i ancyl ixolisile ngekusho ngogordhan ,politics
51, ugqugquzela abanye ngencwadi ,society
52, basola amaphoyisa kufa usomatekisi ,"crime, law and justice"
53, uvule isikhungo sokwelapha esihlukile ,health
54, kuvulwe kabi kushona izingane ezine engozini ,"crime, law and justice"
55, odokotela bantula imisebenzi ekzn ,health
56, ujika nelanga obezofunda edut ,education
57, kushe imizi emlaza ngenxa yobulelesi ,"conflict, war and peace"
58, isikhwele isosha libulala umlamu ,"crime, law and justice"
59, baceba ukuduba imidlalo yebucs ,sport
60, abantu abazilungiselele ngoba intela ingase inyuke   ungoti ,politics
61, ugwetshiwe umkhulu obedlwengula abazukulu ,"crime, law and justice"
62, kusuke konakele uma ungachami ,health
63, igoqiwe imicimbi yombutho wamasosha ,human interest
64, ubolele ekhaya labantu abadala ,"crime, law and justice"
65, usola amaphoyisa umndeni wowasikwa amabele ,"crime, law and justice"
66, bayanda abesifazane abalala nendoda zisuka ,society
67, kuvuke iminjunju uyise edubula abafowabo ,"crime, law and justice"
68, ukhala ngomsamu olahlwe elokudlwengula ,"crime, law and justice"
69, isexwayiso kubantu ngamabhanoyi ,"economy, business and finance"
70, imukelwe ngo elethu imali ugordhan ayabele i ecd ,education
71, owe anc ugoloza nehhovisi lomphakathi ,politics
72, lingase livalwe ibhishi labanqunu ,society
73, bafuna ajeze obengungqongqoshe ,"crime, law and justice"
74, kusenezithiyo kuleli ekuhushuleni isisu ,"crime, law and justice"
75, alokhu evaliwe amathuna eseventini ,human interest
76, i anc ifuna kuhlakazwe izifundazwe ,politics
77, udubule amadodana ngoba kubangwa ugandaganda ,"crime, law and justice"
78, alichume isiko lokufunda ebantwini ,education
79, isabelo sezimali sihlasela ukungalingani ezweni ,"economy, business and finance"
80, uphume engenamyocu engozini ,"disaster, accident and emergency incident"
81, umthengi unelungelo lokukhala ngolimi lwakhe ,society
82, wenze ingozi ebalekela osomatekisi ,"disaster, accident and emergency incident"
83, ukugxamalaza kwezikhulu zepsl kuyinkinga enkulu ebholeni lakithi ,society
84, gwema ukuhlanza ubusonsukuzonke ngezihlanzabuso ,health
85, kulimale umfundi empini yezigceme ,"crime, law and justice"
86, ubhuquza ekhaya umfundi oxoshelwe ukuba yisitabane ,"crime, law and justice"
87, ugwazwe yizigebengu zifuna iselula ,"crime, law and justice"
88, sehlise ulaka isishingishane esingudineo ,weather
89, ezinye izinyathelo kolomfundi owaxoshelwa ubutabane ,society
90, imqoka inkululeko kuma aquarian ,religion and belief
91, ifindo lomshado ngeke lisombulule inkinga yomuntu ,human interest
92, imeya nohlelo lokulwa namaphara ,labour
93, kuqhume iqupha kubangwa izevatho ,"crime, law and justice"
94, ubabaza umoya wobumbano umaluleka ,sport
95, izinhlangano zingenelela kolomfundi ,"crime, law and justice"
96, kukhuthazwa abantu ukuthi baye kwasars ,"economy, business and finance"
97, kugxekwa umsakazi obize uzuma ngomkhovu ,politics
98, uzophikwa wumlando udkt dlamini zuma ,politics
99, kugwetshwe owadlwengula intombi ,"crime, law and justice"
100, imeya ye ifp isinde ekuketulweni esikhundleni yi anc ,"crime, law and justice"
101, uzuma uzibangela ukugxekwa ,politics
102, abamfuni uthisha opotozanayo ,"crime, law and justice"
103, owesifazane kwelokudlwengula ,"crime, law and justice"
104, umaskanda usinde engozini yemoto ,"disaster, accident and emergency incident"
105, kuboshwe  ngokubulawa kobethunjiwe ,"crime, law and justice"
106, phansi amaphaphu bazohola abantu ngo ephreli  ,politics
107, kuvuswe abesifazane abahlukunyezwa ngabathandana nabo ,society
108, ubulale umakhelwane wambiza ngesilwane ,"crime, law and justice"
109, uvele enkantolo owabulala  ,"crime, law and justice"
110, bazozithola abantu izibonelelo zabo ,society
111, kumangalelwe abakhubazekile ,society
112, sebehole iminyaka engu  bengasebenzi othisha ,labour
113, ihlazo elotsholwa ngemfuyo eyebiwe ,"crime, law and justice"
114, linikwe ibheyili ka  iphoyisa ,"crime, law and justice"
115, abophawu lwecancer ngabantu abanozwelo ,religion and belief
116, usola udlame lwaseglebe ohlaselwe ,"crime, law and justice"
117, usinde bethi bayaqeda ngaye ufikile mlomo ,"crime, law and justice"
118, kunempi ebhekiswe kwi anc ,politics
119, wakhelwe indlu oxinwe umdlavuza ,health
120, uzuma ushiye angalazi kwabamgxekayo ,politics
121, kuyabhujwa yizidakamizwa emalokishini asethekwini ,society
122, izingqinamba ezithinta ezempilo zizoxazululeka ,health
123, ubhaka uvulelwe icala lokuthela isimbambamba ,"crime, law and justice"
124, uhlaudi ucele ukuthi kuthandazelwe umvikeli womphakathi ,"crime, law and justice"
125, itwetwe ngokuthunjwa kwezingane ,"crime, law and justice"
126, iyazisholo nje i eff uma ithi izohlukana ne da ,politics
127, kumiswe ukudayiswa kwezinkukhu eziphilayo ngenxa yesifo ,health
128, ugigaba nekhwelo kosomabhizinisi basemalokishini ,"economy, business and finance"
129, isisezithebeni zabalawula ukusetshenziswa kwemithi eyeringi yama arvs ,health
130, bagilwe wugesi wezinyokanyoka ,"crime, law and justice"
131, ukhunyuliswe yikhansela esolwa ngokweba eyesifo ,human interest
132, ungoye enkingeni ngeziqu zomthetho ,"crime, law and justice"
133, ucasule umphakathi ehleka osolwa ngokubulala ,"crime, law and justice"
134, kusamile ukufunda kwelicija ngamakhono ,education
135, akucaci ngobabes kokatira ,"arts, culture, entertainment and media"
136, kukhalwa ngamaphoyisa ashaye izitabane ,"crime, law and justice"
137, kusahlolwa umonakalo emabhida ,"conflict, war and peace"
138,https://www.isolezwe.co.za/tvbox/umunyu kuklonyeliswa abashonelwa ngabazali ,human interest
139, umfundi ugwazwe omunye eduze nesikole ,"crime, law and justice"
140,https://www.isolezwe.co.za/tvbox/utha ukhala   awuboleka umngani wakhe ,"economy, business and finance"
141, izingulube zehlathi zimincise umphakathi ,society
142, odlalela abaculi i keyboard uvulelwe icala lokumuhluza intombi ,"crime, law and justice"
143, ulwazi ngezinxephezelo zakwaraf ,"disaster, accident and emergency incident"
144, seyizosakazwa imidlalo yebhola kwasabc ,sport
145, uzakwe usolwa nguphrojusa ngamanga ,"arts, culture, entertainment and media"
146, imibono iyichilo nje ekamama ofuna isithembu ,religion and belief
147,http://www.isolezwe.co.za/ezemisakazo/imibono bangiphoxa abasakazi bewoza nabangani bakho ,"arts, culture, entertainment and media"
148, umphakathi uvale amasango kamasipala ucikwa yimeya ,"arts, culture, entertainment and media"
149, uthuse abantu umfundisi onenqwaba yezintombi ,religion and belief
150, akuhlanganiswe abomkhonto namasosha ,"crime, law and justice"
151, ezempilo ayikho indlela yokuhlola ubuntombi ,"crime, law and justice"
152, isingo  ingqungquthelaye anc ethekwini ,politics
153, umsindo ngohambo oluzodla  million ,politics
154, umfelokazi uhlawuliswe inkomo ekhumula inzilo ,"crime, law and justice"
155, uramaite uzobamba kwesika abrahams ,politics
156, ubhajwe isandla ethenga ithoyizi locansi ,"crime, law and justice"
157, izicelo zamaphemithi kazibuyi abamatekisi ,labour
158, mibono isizwe kumele sibaxwaye abaholi abafana nomalema ,politics
159, imbokodo igcwale imigwaqo imasha ,"crime, law and justice"
160, kusolwa ukhwantalala isitshudeni sizibulala ,"crime, law and justice"
161, kuphenywa ukhuzani ngomkamuntu ,"crime, law and justice"
162, uchashwe ngenhlamba ocelele umakoti isiqholo kwi opw ,"arts, culture, entertainment and media"
163, bashaqekile ngoqothe umndeni ,"crime, law and justice"
164, angase alahlekelwe yisithabathaba somuzi owakhe esizeni somuntu ,"crime, law and justice"
165, uqwashisa ngesifo esingajwayelekile ,health
166, lisuliwe ikhansela ebelihola liboshiwe ,"crime, law and justice"
167, izintokazi zivule inkampani ekhuthaza ukuzivocavoca ,society
168, ubulawe esemayini umshayeli wetekisi ,"crime, law and justice"
169, ubengafuni ukubuyela ekhaya obulawe yisoka ethornwood ,"crime, law and justice"
170, amakhosi ahlaba ingonyama trust ,society
171, imibono idolobha umgungundlovu lingcole ngendlela exakile ,society
172, akuthi shu okushiwo utrump asimesabi julius malema ,politics
173, bafuna kucaciswe ngensfas ,politics
174, cabangisisa ngaphambi kokucela umshado ,society
175, imibono nginemibuzo ngodaba lomhlaba ,politics
176, kuvalwe amasonto kukhalwa ngabefundisi ,religion and belief
177, umthandazi uboshelwe ukudlwengula indodakazi ,"crime, law and justice"
178, zinyukile izindleko zokugibela amatekisi izolo ,society
179, ubhekwe ngelokhozi ozoqokwa wuramaphosa kwesokushushisa ,"crime, law and justice"
180, abahlaziyi babona i anc igaya amavoti ngolomhlaba ,politics
181, kubulawe izihlobo zobhalela isolezwe ,"crime, law and justice"
182, imibono bakhona nabesifazane abahlukumeza amadoda ,"crime, law and justice"
183, ofakazi kwikhomishini kazondo ,"economy, business and finance"
184, luya kude olomhlaba ,"crime, law and justice"
185, uhlaba abaholi abeba imali ye ifp ,"crime, law and justice"
186, bangobani ababoshwe nomabuyakhulu ,politics
187, uxoshiswe okwenja ezozilela umyeni ,"crime, law and justice"
188, ukhuthaza inkuthalo ocansini kwabashadile umfundisi ,religion and belief
189, umshado uqina ngezinselelo zawo ,society
190, umehlokaboni ka  kaduduzane nabakwagupta ,"crime, law and justice"
191, i da nomkhankaso wokuheha intsha ,politics
192, ezempilo lusukumele uvalo olungapheli ,"crime, law and justice"
193, ubheki cele ukhwele wadilika kumagashule ,politics
194, akuqiniswe ezokuphepha kweye anc kwazulu natal ,politics
195,https://www.isolezwe.co.za/ezezimoto/kungakusiza ukugcina imoto endala ,"crime, law and justice"
196, kumile ngempilo kobhalwe nabashonile ,"disaster, accident and emergency incident"
197, uyalulama esibhedlela umgijimi ohlaseliwe ,"disaster, accident and emergency incident"
198, utokile osolwa ngokubulala isalukazi  ,"crime, law and justice"
199, ithuba lokwakha umzimba kwabazimukile ,health
200, badumele abakwazuma ngokushiwo ngukamadiba ,politics
201, okushiwo amandla erandi nomphumela wakho kuleli ,"economy, business and finance"
202, ukukhuluphala kunciphisa amathuba okukhulelwa ,health
203, ibhungu liklabhe abashana lababulala lona labulawa yiloli ,"crime, law and justice"
204, ikhathaza abazali eyasecom tech ,education
205, u atul gupta uphika  ngamaphepha awafake enkantolo ,"economy, business and finance"
206, uramaphosa uhoxe kolwenhloko ,politics
207, ugigaba uzocacisa eyemfundo yamahhala ,education
208, ucele ubuyele kwesamaphoyisa ,politics
209, inkani kazuma izomlahlekisela ngokuningi ,"crime, law and justice"
210, injabulo kunyuka impesheni ,"economy, business and finance"
211, ezothando kunzima nokujabula ekamelweni ngenxa yendoda engasebenzi ,human interest
212, bazitapele igilosa emzini wobaqolile ,"crime, law and justice"
213, abewunga nebhizinisi elivuthayo e unisa ,"crime, law and justice"
214, bagaywe yitekisi endlini bebuka uzalo ,society
215, amadoda acela ibheyili kwelaseglebe ,"crime, law and justice"
216, uyaqina owokulwa nokulawulwa kombuso yidlanzana ,"crime, law and justice"
217, kuzungezwa izinkampani ezidlelana nabakwagupta ,politics
218, ubuchwepheshe namathuba okwakha umnotho ,society
219, umfundisi ubedlwengula odado ababonge  ,"crime, law and justice"
220, umaimane usongela umagashule nozwane ,"crime, law and justice"
221, samukelwe isigwebo esinikwe iphoyisa ,"crime, law and justice"
222, imibono ama dvd emikhuba agcwele idolobha ,society
223, ikomiti lizoxazulula izinkinga zabangcwabi ,"economy, business and finance"
224, bahlezi lubhojozi osomatekisi kubulawa esinye isikhulu ,"crime, law and justice"
225, unikele emgwaqweni eyozama imali yomfundaze ,education
226, kabaphumuli abesikole esenze kahle ,education
227, isexwayiso ngezikhangiso zemisebenzi ,"crime, law and justice"
228, uramaphosa nethemba ngabatshalizimali ,"economy, business and finance"
229, ziya ngokwanda iziteleka emanyuvesi ,education
230, abaseka umncwango bathi ida ikhuliswe wukuholwa nguye ,politics
231, isoka libhokode intombi yafa iya esikoleni ,"crime, law and justice"
232, amawele axolisa ngokuvikela u omotoso ,"crime, law and justice"
233, ubuholi buzoxazulula olwesigungu sasekzn ,politics
234, imeya ecaleni lokwesabisa owonogada ,politics
235, umkhonto ugwaze ekhaya ngolwesabc nobathabile dlamini ,"arts, culture, entertainment and media"
236, isiminyaminya abazali bethengela izingane ,society
237, idinga ukuvikelwa iminikelo yamakholwa ,"crime, law and justice"
238, sekwanele uyala abesililsa odonsa esokubulala inkosikazi ,"crime, law and justice"
239, imibono sengathi lungaba yimpumelelo uhlelo lwemilutha ethekwini ,"crime, law and justice"
240, indoda izidubule yafa phambi kwabantu ,"crime, law and justice"
241, kusolwa isikweletu ngozingqokloze emlaza ,"crime, law and justice"
242, uyavutha umukhwe kazuma ngelobolo ,society
243, imibono ayiqalwe kubantu eyokukhulelwa ,society
244, imibono ngihlaba umkhuba omubi emingcwabeni ,religion and belief
245, zikwangqingetshe ezamaholo kwa eskom ,"economy, business and finance"
246, usezile ucansi iminyaka eyisithupha ,religion and belief
247, itholwe ishonile indoda eyabaleka inqunu entombini ihlaselwa ,"crime, law and justice"
248,http://www.isolezwe.co.za/intandokazi/ezothando umyeni wami usefuna ukuthatha unkosikazi wesibili ,human interest
249, bawufuna wehlile uphethroli ,"economy, business and finance"
250, imibono nami ngibona luzoba yinkinga uhlelo oluzobamba abajolayo ,"crime, law and justice"
251, kuboshwe umfundisi nengoduso kutholwa owesifazane ebulewe ,"crime, law and justice"
252, badla ngamapayipi abadla ngopholoni ,health
253, kubhekwe isinyathelo sikade lille ,politics
254, babanjwe oqotsheni behlukaniselana inkomo yokwebiwa ,"crime, law and justice"
255, sitholwe phansi kombhede isidumbu ,"crime, law and justice"
256, indida ngokubulawa kobethanda imicimbi ,"crime, law and justice"
257, sigila izimanga isikole esesivubele  wodokotela ,education
258, i anc igcizelela okushiwo ngomhlaba ,politics
259, imibono sizofikaphi ngabaholi abanomgolo kanjena na ,society
260, izifundiswa zisabisa ngokuduba ukhetho ,education
261, iseyinkinga eyokuhushulwa kwezisu ,health
262, siduve emakhazeni isidumbu somfundisi ,religion and belief
263, luqeda abantu udlame lwasembumbulu ,"crime, law and justice"
264, imibono makuhlelwe imashi yamadoda ahlukunyezwayo ,"crime, law and justice"
265, umyalelo kapandor kwabensfas ,education
266, imibono angisoze ngiphinde ngizihlanganise ne old mutual ,"economy, business and finance"
267, udutshulwe wafa kubhiyozwa ,"crime, law and justice"
268, kumiswe imenenja yomgwaqo ka  ,"crime, law and justice"
269, ubuholi obusha be anc ekzn ,politics
270, usaqhubeka umbango ngomhlaba owanikezwa umandela ,"crime, law and justice"
271, i ancyl ifuna untuli esikhundleni sikanobhala ,politics
272, imibono owomdabu wasendiya engimsebenzelayo uyangithuka ,politics
273, imibono zizolekelelwa yini izingane esihlukwini sothisha abazishayayo ,"crime, law and justice"
274, ubebagila engenawo umphambili ,"crime, law and justice"
275, kubuya olokunqanyulwa kukagesi ,"economy, business and finance"
276, kuboshwe isihlobo ngosana obelwebiwe ,"crime, law and justice"
277, okungenziwa izingane ngamaholidi ,"crime, law and justice"
278, kuboshwe owesibili ngokufa kowe anc ,"crime, law and justice"
279, ngeke wehle uphethroli ungoti ,"economy, business and finance"
280, isililo ngokubulawa kobeyi anc ngozingqokloze phambi kwabantu ,"crime, law and justice"
281, umanana uzifake kolunye utaku ,"crime, law and justice"
282, usobishini okweleta umasipala   ngendlu yodaka ,"crime, law and justice"
283, zimkhalele owesifazane obedayisa ucansi udede ,"crime, law and justice"
284, umholi udlwengule izingane ezingu  ,"crime, law and justice"
285, odilikajele kwabathumba iphoyisa balibulala ,"crime, law and justice"
286, umfundi unqgongqiswe nesoka eyotadisha ,"crime, law and justice"
287, imibono aze ayinkinga amaphara enquthu ,"crime, law and justice"
288, kushone indodana yowayengumengameli wezwe ,"disaster, accident and emergency incident"
289, angu  amagatsha aphasile ,politics
290, kumashe odado abafunda ezinkulisa ,"crime, law and justice"
291, i anc ijube elizoxazulula izikhalo ekzn ,"crime, law and justice"
292, bashise isikole bekhala ngokudla abafundi ,"crime, law and justice"
293, ushe nesoka washona obeligoyise kubo ,"crime, law and justice"
294, ake sibe nezinye izindlela zokukhononda singashisi impahla ,"crime, law and justice"
295, udokotela uchaza ngekhanda locansi ,health
296, badikile isikole abasola uthisha ngesibhaxu ,"crime, law and justice"
297, abasebuhleni baxwayisa izitabane ,"crime, law and justice"
298, amabhange azotakula uhulumeni ,"economy, business and finance"
299, kudutshulwe iphoyisa elithinteka ecaleni ,"crime, law and justice"
300, owe the queen usolwa ngokungondli ,"crime, law and justice"
301, intsha ayifundele amakhono dumisa ,"crime, law and justice"
302, kuzophela ukushaywa umoya emahhovisi kosigaxamabhande bamaphoyisa ,"crime, law and justice"
303, abaholi be anc mabayikhiphe ezinkantolo ngoba izofa iphele nya ,"crime, law and justice"
304, bayobuka eyomhlaba ngenxa yendodana yabo ,sport
305, bachithe udoti ethekwini bekhala ngemali ,"economy, business and finance"
306, indodana ixabane nonina yazilengisa ethempelini lamanazaretha ,religion and belief
307, uzikalala ucacisa ngokubonakala ecaleni likazuma ,politics
308, alikho ivoti eliya kukhongolose umhlaba ungakabuyiswa ,religion and belief
309, umholi we ifp ukhala nge anc ,politics
310, ziyeza izinguquko eqenjini mokwena ,sport
311, i anc ayiziphathele yona ikzn ,politics
312, usenkingeni unina wengane ephethwe wumdlavuza ,health
313, ummeli udele imali elungiselela umjaho ,sport
314, kubhuntshe umngcwabo kushaqwa isidumbu ,society
315, baphawula nge video yocansi ,"crime, law and justice"
316, icwile kwezikafaro intsha ucwaningo ,education
317, kuxwayiswa ababhukudi njengoba esusiwe amanethi ,society
318, umfundi uyodlala kwindebe yomhlaba yerugby ,sport
319, usesaba nokuya esikoleni odonswe amankwahla ,"crime, law and justice"
320, sigcine singcwatshiwe isidumbu sendoda ebesibangwa ,"crime, law and justice"
321, udutshuliwe obehlasela izalukazi ,"crime, law and justice"
322, imibono ngishayela izandla umalema ngesibindi sakhe ,politics
323, kusazothatha isikhathi ukuguqula isimo sezwe langeni ,"economy, business and finance"
324, indida isitshudeni siziphonsa esitezi ,"crime, law and justice"
325, i sabc izotakulwa ngabanamava ,"arts, culture, entertainment and media"
326, bajabule ongqongqoshe ngabakhi bamakhondomu ,health
327, onogada beyemali bashaywe ngamaphoyisa ,"crime, law and justice"
328, bagonyuluke ngokuhlukunyezwa ,human interest
329, bafuna uthishanhloko axoshwe ,education
330, owe ifp uveza uhlangothi oluhle lukamzolo ,"crime, law and justice"
331,https://www.isolezwe.co.za/tvbox/bazehlisa isithunzi abalwela indoda ,human interest
332, akekho ongezukushushiswa okumele ashushiswe shaun abrahams ,"crime, law and justice"
333, basifuna la isinxephezelo abadilizelwa ,politics
334, kubulawe owe anc phambi komkakhe ,"crime, law and justice"
335, uphonsa inselelo kubelaphi bendabuko ngomeyiwa ,"crime, law and justice"
336, isikhalo senkampani eholela abantu izibonelelo ,"economy, business and finance"
337, ithuba elehlele onebala elimhlophe ,education
338, kubatshazwa ubunzima obuza nentela ivat ,"economy, business and finance"
339, izithangami ezizohlomisa imbokodo ngokuningi ,"economy, business and finance"
340, basuke bengenalwazi lwenkingaabesimame abangabambi kalula ,health
341, bheki cele sijabule noma sihlalel ovalweni ,"crime, law and justice"
342, udilikajele kowabanjwa edlwengula umfana ,"crime, law and justice"
343, upandor uthembisa ukushanela amabibi ,education
344, usenethemba lokuthi uzakwabo uzolulama abuyele ekudlaleni ,"disaster, accident and emergency incident"
345, ubungozi benkolo evala amehlo ,"crime, law and justice"
346, uramaphosa uyishaya emuva ayishaye phambili da ,politics
347, usazokwazi ukubuyela ekugijimeni osinde esahwa imilenze ,sport
348, uzoshushiswa ngamacala enkohlakalo umsholozi ,"crime, law and justice"
349, uziphendulele kokushiwo umalema ,politics
350, imibono usiqola sibhekile umtn ayisukunyelwe le ndaba ,"crime, law and justice"
351, lizidlele amahlanga inxeba liqoqa izindondo kumasafta ,"arts, culture, entertainment and media"
352, ushaik uzomhlinzela ezibini uzuma esefakaza ,"crime, law and justice"
353, impamba ngegciwane ezinganeni ,health
354, ubuchwepheshe obusiza abazali ,society
355, kubonwa ngokusa kumfundi wasemangosuthu ,"crime, law and justice"
356, intsha ye anc ibopha uzille ngolwamanzi ,politics
357, icishe yasha yaphela inxanxathela yezitolo olundi ,"disaster, accident and emergency incident"
358, kuchazani ukushushiswa kukazuma ,"crime, law and justice"
359, bekuthiwa sikhonza usathane ,religion and belief
360, ubuthelezi uxwayisa ngolomhlaba ,politics
361, ungqokloze intombi erenki eyisola ngokujola ,"crime, law and justice"
362, bavale umgwaqo ngodoti emlaza ,labour
363, ugxeka abantu abavotela i anc ,politics
364, wethweswe iziqu ucaster semenya ,sport
365, luselude ukhalo kolweda nesikhundla sikade lille ,politics
366, kuqiniswe ezokuphepha kwephini lowenatu ,"crime, law and justice"
367, ezothando ngashada ngenqubo yesonto umyeni wami akangigculisi ,human interest
368, ukhunjulwe njengeqhawe owashutha uhector pieterson ,society
369, bafuna kuhoxe ukukhethwa kobuholi ekzn ,politics
370, ubeyofihla uninakhulu u akhumzi ,"disaster, accident and emergency incident"
371, isililo kushona abezempilo ,"disaster, accident and emergency incident"
372, isihluku eshisa unina wezingane ngophethroli efuna babuyelane ,"crime, law and justice"
373, kucelwe umkhize angenelele kwelokusatshiswa kwabacwaningi ,politics
374, i anc iyilungele ingqungquthela ,politics
375, usafisa ukulanywa obegcagca nenyanga ,society
376, kubulawe amakhansela amabili ele ifp nele anc ngolwesihlanu ,"crime, law and justice"
377, ujordaan nezinhlelo ngabesifazane ,sport
378, bafuna incazelo  kusassa ,"arts, culture, entertainment and media"
379, kudutshulwe kwabulawa amadodana amabili omculi ,"crime, law and justice"
380, udube ibandla exakwe yisitabane ,society
381, bagxeka ukuhlaselwa kwethempeli ,religion and belief
382, ungqongqoshe ufuna baxoshwe kwitv ,sport
383, uzuma uhlawuliswe   ngenkulumo enokucwasa ,"crime, law and justice"
384, indoda idutshulwe amaphoyisa kwayo ,"crime, law and justice"
385, yikuphi okungcono ukwesula nokulinda impesheni ,society
386, ugwetshiwe obepequlula iselula yomyeni wakhe ,"crime, law and justice"
387, sekwanele i cwusa izokweseka owesolezwe ,society
388, imeya ecaleni lokushaya owe da ,"crime, law and justice"
389, kuzophenywa ngolwezingane ehostela ,society
390, amabhizinisi ethu awiswa yilaba bokufika emalokishini ,society
391, imibono ngiwubona uxova izindlu zasendlunkulu umnyango wakwacogta ,politics
392, ushicilele incwadi esejele owabulala intombi yakhe ,"crime, law and justice"
393, akukapheli ngemvula kwazulu natal ,weather
394, imibono ukuba namanzi kompompi sakugcinango  ,environment
395, bafuna kuphenyisiswe ngokubulawa kwekhansela ,"crime, law and justice"
396, zimapeketwane izinto kwi da ekapa ,politics
397, kusolwa amaphoyisa ngokuthumba ,"crime, law and justice"
398, alishunyayelwe ivangeli lokuhlela umndeni ,religion and belief
399, ayikho imali yamaholo ,"economy, business and finance"
400, umfundi ugule washona kade belungiselela ukuhlolwa ,"disaster, accident and emergency incident"
401, abakwasassa nesiqiniseko kwabaholayo ,labour
402, omotosotrial uzidonsele amanzi ngomsele ngemibuzo ummeli ka omotoso ,"crime, law and justice"
403, sizoya ngenkani emaphoyiseni ,politics
404, basazohlupheka abagibeli bezitimela emzileni osenyakatho ,"disaster, accident and emergency incident"
405, limlahlile obezibiza ngengonyama ,politics
406, urapulana seiphemo uvele enkantolo kwelokungayikhokhi intela ,"economy, business and finance"
407, uphume ngebheyili ujali emva kokuboshwa ,sport
408, ucwaningo ngodlame ezikoleni ,"crime, law and justice"
409, umfana ona  kwelokudlwengula abafana ,"crime, law and justice"
410, ayehle imiholo yezikhulu esabc da ,labour
411, kudutshulwe amadoda asolwa ngokubulala onogada egoli ,"crime, law and justice"
412, akakasithathi isinqumo ngekusasa lakhe ude lille olaxaze ida ,politics
413, basatelekile abakwatoyota eprospecton naseboksburg ,labour
414, uphele kamuncu umshado kushona umngani wabebeshada ,society
415, bazozithola izimfanelo zabo abadilizwe ebhange ivbs ,labour
416, i da ivulele ungqongqoshe icala lokuqamba amanga ,"crime, law and justice"
417, akazisoli ophikise izifungo zomshado ,society
418, umndeni awenelisekile ngencazelo mayelana nelungu elishone ejele ,"crime, law and justice"
419, usesibhedlela oshiswe yiphoyisa ,"crime, law and justice"
420, bafuna ugigaba achaze enkantolo ngesikweletu ,"crime, law and justice"
421, uramaphosa umise abashushisi emsebenzini ngamacala athinta imali ,"crime, law and justice"
422, ufuna ahoxiswe amacala abekwe wona u omotoso ,"crime, law and justice"
423, ufiselwe inhlanhla owelika omotoso ,"crime, law and justice"
424, bahlomule lukhulu bethuthukiswa kwezomnotho ,society
425, ezempilo abamnyama abazihluphi ngobungozi bomdlavuza ,health
426, ushaywe abazali bengane ayifundisayo ,"crime, law and justice"
427, ingqungquthela ye ifp ihlehlile kubanga izithunywa ,politics
428, kuvulwe isikole esisezingeni eliphezulu emkhanyakude ,education
429, imibono sekuphume imiphefumulo ngemali ekhokhwa emarenki ,"economy, business and finance"
430, imibono uma ungumuntu ongaxoli usizi lusala nawe ,human interest
431, kuchithiwe ukungaholelwa kwabahlengikazi ngokweziqu ,health
432, ezibuhlungu azipheli kubashayeli bezimoto nakubathengi ,"economy, business and finance"
433, inkinga kaphethroli isishaye uhlelo lwamanzi ,society
434, indlala isadla lubi ebantwini abaningi ,society
435, i eff isazoneka amahlazo kanene ,politics
436, ngangingadlwenguli ngangikhokhisa ,"crime, law and justice"
437, bubuyiselwe ubuholi be ancyl ,politics
438, imibono kungaba yingozi ukufuna uyihlo wakho wangempela ,"arts, culture, entertainment and media"
439, iphoyisa ecaleni lokubulala kubangwa ukupaka ,"crime, law and justice"
440, umfundi onomdlavuza wezinso unikelelwe ngendlu enogesi ,health
441, uzowudlela esitokisini ukhisimusi umfundisi osolwa ngokudlwengula ,"crime, law and justice"
442, ukugwazana kwabafundi kudonse iso lemeya ,"crime, law and justice"
443, bakhala ngobudedengu bukamasipala kuminza ingane ,"crime, law and justice"
444, umsindo umfundisi elobola izelamani   ,human interest
445, uzuma kwabajutshwe ephalamende ngo  ,politics
446, kunokudideka ngokushiswa kubulawe abokufika ,"conflict, war and peace"
447, azokhushulwa amaphoyisa cele ,"crime, law and justice"
448, unyaka ubunzima emaphoyiseni ,"crime, law and justice"
449, iphithene amakhanda imndeni yabababoshwe ngelezidakamizwa e us ,"crime, law and justice"
450, bazowudlela esitokisini ababulala oqapha umchunu ,"crime, law and justice"
451, kuhlonyiswe imbokodo ihlangene kobusethekwini ,society
452, imeya iphikisa imibiko yokuthi izoboshwa maduze ,politics
453, i icasa nemizamo yokwehlisa intengo ye data ekhalisa iningi ,society
454, isibheke kwisizini yayo ka  imuvhango enomlando ,"arts, culture, entertainment and media"
455, kuzalwe izingane eziwu  ngokhisimusi ekzn ,society
456, bafuna omiselwe ukufequza abuye ,politics
457, kuphele ithemba kubahlengikazi ,labour
458, imibono ngabe yizimo zini lezi ezingaxoleleki ,human interest
459, siyanda esababoshelwe ukwephula umthetho ,"crime, law and justice"
460, abanalo isasasa ngemiphumela asebelinde iminyaka emine ,education
461, kuwe insika kudlula emhlabeni umsimang ,society
462,http://www.isolezwe.co.za/tvbox/bahlalele ovalweni abe uber ngosomatekisi ,"crime, law and justice"
463, bancoma isiphakamiso ngabashayela bedlile ,"disaster, accident and emergency incident"
464, kulindeleke isinqumo kolukazuma ,politics
465, kusewumqansa ukuthola ulwazi ngofakazi owashona eqashiwe ,"crime, law and justice"
466, inkakha yekaizer chiefs kwelezidakamizwa ,"crime, law and justice"
467, abathintekayo ebufakazini bazoziphendulela kodwa ,"crime, law and justice"
468, kudume amakhanda befelwa yizinkomo ezidle ushevu ,"crime, law and justice"
469, ufaka umasipala enkantolo odilizelwe isitolo ,"crime, law and justice"
470, umantashe wabhalelwa abakwagupta ,politics
471, ezothando ungaziyekeleli ngoba uthi usushadile ,human interest
472, i sassa inxusa kushintshwe amakhadi ,society
473, ubonang ushaywe ngoswazi oluncane kwelentela ,"crime, law and justice"
474, akukho okuphambene nomthetho engakwenza ,"crime, law and justice"
475, bafuna ubulungiswa ngoshaywe esolwa ngokweba  ,"crime, law and justice"
476, izigqaja ngo  izama high ,education
477, isikhungo sibuyisa imidlalo yakudala ,society
478, abaphumele obala abahlukunyezwa emabandleni ,society
479, baphinde baboshwa abadle umhlaba ,"crime, law and justice"
480, udinga umhlengi ozoya phesheya ,education
481, imilutha ididiyela isiphuzo ngama pads asebenzile ,society
482, kuzophenywa izikhulu zetransnet ne eskom ,"crime, law and justice"
483, kudideke umndeni ngomfundi ozibulele ,"crime, law and justice"
484, banqatshelwe ukubhala abafundi abangathenjwa ,education
485, isikhalo ngodlame lwamalungu enumsa ,labour
486, uhlonishwe ngokuqhakambisa izilimi zesintu ,education
487, impi ngeke ixazulule olomhlaba ,politics
488, kukhunjulwe umlando wakwamashu ,"crime, law and justice"
489, usteenhuisen uthi akayekwe esikhundleni sakhe ,politics
490, ungqongqoshe umangalele umalema ,"crime, law and justice"
491, ugeqe amagula ecaleni labakwakhoza ,"crime, law and justice"
492, uvalo kugasela izigebengu emahhovisi ,"crime, law and justice"
493, udlelwe ifa lika  million osebenza engadini ,"crime, law and justice"
494, siyanda isibalo sabafundi abanukubezwa ngokocansi ezikoleni kwazulu natal ,"crime, law and justice"
495, kulindwe imiphumela ngegciwane emaqandeni ,health
496, le khomishini kazondo izoyishaya iyibhuqe i anc ,politics
497, kukhalwa ngenkosi yasenquthu ekhokhisa abangaganiwe intela yobumpohlo ,"economy, business and finance"
498, ufuna ukuya phesheya owasinda bemusaha ,sport
499, angase ahoxiswe amacala athinta abakwagupta ,"crime, law and justice"
500, inkabi izishaya isifuba ngokuqotha abantu ,politics
501, kunxuswa obaba bavikele izingane ,"crime, law and justice"
502, umfundi wakwagrade  ugwaze wabulala owakwagrade  esikoleni ,"crime, law and justice"
503, unina wezelamani ezibulawe nabazukulu usadidekile ,religion and belief
504, baphoxekile bengaholi abadala nabagulayo ,society
505, sizithintele iziqandu isikhulu samaphoyisa ,"crime, law and justice"
506, ezothando nginenkinga ngomyeni wami ongafuni ukusebenza ,human interest
507, utrump ushaya udaka kwinkonzo yasekamelweni ,society
508, owe anc obulewe ubecuthelwa ,"disaster, accident and emergency incident"
509, ungoti ugxeka uhulumeni ngemfundo engagculisi ,education
510, umalema usole uramaphosa ngokuba nolimi olumbhaxambili ,politics
511, imibono liyahamba itheku kukhongolose uma ungashintshi ,politics
512, ubuholi obusha besifunda iharry gwala ,politics
513, abakwampisane basuse ivideo kasbahle ngemuva kokugxekwa ezinkundleni ,"crime, law and justice"
514, imibono savelelwa ekolishi lamaphoyisa olundi senziwa opopayi ,education
515, sekunemishwalense ekhokhela abebelwe izinwele ,"crime, law and justice"
516, bafuna ukukhululeka abensangu ,"crime, law and justice"
517,http://www.isolezwe.co.za/ezokungcebeleka/luyashuba olukabonang nabaqoqi bentela ,"crime, law and justice"
518, imibono kuningi esingakuncela kumfo kangobe ,"arts, culture, entertainment and media"
519, bashise isikole befuna umhlaba ,"crime, law and justice"
520, umncwango ugxekwa kolokufa kwesiguli ,"crime, law and justice"
521, ukhuza ukusheba amasiko nesilungu ,"arts, culture, entertainment and media"
522, bakhona abahlela ukuketula umengameli umhlaziyi ,politics
523, kumiswe umsakazi onconywe abesifazane ,"arts, culture, entertainment and media"
524, uza kahle umkhankaso we ifp wensangu ,health
525, babuyele emsebenzini abozalo ,labour
526, akalali owabona kubulawa intombi yomzala wakhe ,"crime, law and justice"
527, ukhwantalala nomthelela omubi ezinganeni ,health
528, imibono sizowenzani umhlaba sisahlulwa yilo omncane ,society
529, awuhlukile nokukipita umshado omhlophe ,society
530, uzwane wayesicindeza ngolwakagupta ,"economy, business and finance"
531, uboshiwe umfundi obulale uthisha ,"crime, law and justice"
532, isitshudeni sigwazwe sashona kunomcimbi ,"crime, law and justice"
533, imibono sidangele ngomonakalo owenziwe ngumsholozi kubantu ,politics
534, ezempilo ingcuphe yesifo senhliziyo kobaba abahlala ekhaya ,health
535, uhlahlele unina wahuqa ubuthongo ,"crime, law and justice"
536, uthanda amasiko esizulu owomdabu wasendiya ,"arts, culture, entertainment and media"
537, amaphoyisa enza umsebenzi oncomekayo kwelikameyiwa chicco twala ,"crime, law and justice"
538, inkinga yesitifiketi somshado engalungiseki ,society
539, okusha ngokubulawa kwesitshudeni sasedut ,"crime, law and justice"
540, umoyane ujabulele ithuba lokupheka ugordhan ,"economy, business and finance"
541, uyaveva ungqongqoshe ngokubulawa kwezinhloli ,"crime, law and justice"
542, umphakathi utitinye obebonisa izingane ama video ocansi ,"crime, law and justice"
543, kubanjwe umfana  egibele imfene ,society
544, sizoqina isandla sezokuphepha kwazulu natal ,"disaster, accident and emergency incident"
545, i ifp ifuna iqiniso kosolwa ngokubulala ikhansela ,"crime, law and justice"
546, ubhunyelwe ngamanzi abilayo ngumakhelwane ,"disaster, accident and emergency incident"
547, kubhuntshe umngcwabo kubangwa imali ,society
548, unyazi lubuyise abagcotshwa ebebexoshiwe ,religion and belief
549, abezempilo sebemi ngomumo ngenhi ,health
550, umfundi osolwa ngokudlwengula uzilengisile ,"disaster, accident and emergency incident"
551, ubathabile dlamini ujabulela ukubuyela kuhulumeni ,politics
552, izidumbu zonogada abebethandana ,"disaster, accident and emergency incident"
553, umqaphi udubule uzakwabo wafa ,"crime, law and justice"
554, usizi ngesimo somndeni osuhlale ehlathini iminyaka ,"disaster, accident and emergency incident"
555, uthole ibheyili owe anc odabeni lwesibhamu ,"crime, law and justice"
556, abafundi banxuswa ukungayoni inyufomu ,education
557, izithombe sibhubhisile isiphepho empolweni ,weather
558, kushayisana ubufakazi bukamaseko nobukazuma ,"crime, law and justice"
559, bavunyelwa abakwagupta ukuwaka ,"crime, law and justice"
560, kuyanda ukwebiwa kwezingoma ,"arts, culture, entertainment and media"
561, owasentulabakayise uzomela ikzn ,education
562, uhulumeni uzolekelela abafuna ukutshala insangu ,"economy, business and finance"
563, babanga imali yethenda kwazuma ,"crime, law and justice"
564, umphakathi ubhekene nengwadla yamanzi ,weather
565, itholwe ibulewe esimobeni ingoduso ,"crime, law and justice"
566, usizi isidumbu siduve phesheya ,society
567, kukhalwa ngobeyimeya ohola otha isigcaki ,politics
568, uzikalala udalule umonakalo wezimvula ,weather
569, abafundi bawine ngokwenza ujamu ,education
570, inhlangano iqwashisa ngesifo sengqondo ,health
571, inhlwathi ihlalise abantu lubhojozi ,environment
572, i anc izothathela amakhansela izinyathelo ,"crime, law and justice"
573, bagwetshiwe abakhwabanisa kuhulumeni ,"crime, law and justice"
574, ufuna ukuzwana kwi ifp ne anc ,politics
575, usikhomba kumufi isibhamu esabulala ,"crime, law and justice"
576, bafuna kushintshwe umphenyi wecala lowe ancyl ,"crime, law and justice"
577, kukhunjulwe iqhaza lenkosi kwembulwa itshe ,politics
578, inhlangano ezosiza intsha ngemfundo ,"economy, business and finance"
579, ukhala ngomthetho umndeni wobulelwe ,"crime, law and justice"
580, isenzima eyokulwa nokuhlukunyezwa ,"crime, law and justice"
581, umsindo ngemali ngekamandela ,"crime, law and justice"
582, ucasulwe wukuphoxwa kutshalwa inkosi ,human interest
583, usulala obenyoni umndeni okwaqothwa  kuwona ,"crime, law and justice"
584, ublade uphonsele abamakolishi inselelo ,education
585, kuboshwe usomlomo osolwa ngokweba ,"crime, law and justice"
586, kuvalwe amashibhi kutheleka ungqongqoshe ,society
587, kusolwa isoka ngobulawe ezithwele ,"crime, law and justice"
588, udilika kowabulala owasedut ngesando ,"crime, law and justice"
589, kulindelwe imvula nokuduma kwezulu ngokhisimusi ,weather
590, ubulale abemsola ngokujola nentombi ,"crime, law and justice"
591, bafuna kuboshwe usomatekisi ,"disaster, accident and emergency incident"
592, lihlehlile icala lamalungu e anc angeneme ,"crime, law and justice"
593, intsha izwa imanqikanqika ukuvota ,politics
594, u agrizzi ukhomba nojiba kolomgwazo ,"crime, law and justice"
595, umphakathi wasemlaza udinwe wavala umtholampilo ,health
596, kulindelwe ezinoju nobisi kowe anc ,politics
597,http://www.isolezwe.co.za/intandokazi/kwamvulela umnyango wemali ukuqoqa udoti ,labour
598, imibono yekani ukugcwanekela esibongweni sakithi ,human interest
599, kutholwe itekisi yeda ebintshontshiwe ,"crime, law and justice"
600, lihlehlisiwe elikapitch black afro ozofaka isicelo sebheyili ,"crime, law and justice"
601, i anc ilungisa indida ngomengameli ,politics
602, i anc izosindela ukuxega kwaphikisayo ,politics
603, sekuyafundwa esikoleni somsindo   ,"crime, law and justice"
604, kuthungathwa owaduka evakashele isoka ,"crime, law and justice"
605, izongenisa  bn imigubho ye anc kwazulu natal ,"economy, business and finance"
606, ingane ishaywe wugesi yafa iyothenga uswidi ,"disaster, accident and emergency incident"
607, kusolwa ukhwantalala kozikhungile ,"crime, law and justice"
608, i sace ichitha izinsolo ngesikhulu sesadtu ekzn ,education
609, impendulo kazuma ngabakwenza ,education
610, iqembu labensangu lifuna amavoti ,politics
611, isitshudeni sigwetshwe iminyaka emithathu sisebenzela umphakathi ,"crime, law and justice"
612, uramaphosa uyawavuma amaphutha enziwe yi anc ,politics
613, isinqumo ngebheyili kwelekhansela ,"crime, law and justice"
614, bashaqekile ngosomabhizinisi ohlambalaze amadodakazi akhe ,"crime, law and justice"
615, kubhubhe umndeni kushayisana izimoto ,"disaster, accident and emergency incident"
616, uyelulama umsakazi wokhozi odutshuliwe ,"crime, law and justice"
617, umsakazi nethuba lemifundaze ,"arts, culture, entertainment and media"
618, isixazululo ngodoti emlaza ,politics
619, intokozo kuvulwa ifemu everulam ,"economy, business and finance"
620, uvalo kunyamalala umsebenzi epulazini ,"disaster, accident and emergency incident"
621, kuboshwe inyanga ebilapha ngomphambili ,"crime, law and justice"
622, imibono kubandlululwa abampofu uma kuqashwa othisha ,education
623, zingase zivalwe izikoleezithole u  ku matric ,education
624, omunye wabaholi benfp ukhala ngokucwaswa ,politics
625, umokonyane akathi vu ngezinsolo zenkohlakalo ,"crime, law and justice"
626, kugaselwe ezitolo ezingenamvume ,"crime, law and justice"
627, inxanxathela yezitolo izokhulisa umnotho endwedwe ,labour
628, baphoxwe yisitatimende sikamantashe ,society
629, funda amathiphu kosomabhizinisi abasacathula ,"economy, business and finance"
630, ida izithintele ngesikhangiso ,health
631, imibono i kzn ibalulekile kukhongolose ,politics
632, uqhubekile namabhomu akhe u agrizzi ,"crime, law and justice"
633, unxele ufuna ukuphosa imibuzo ku agrizzi ,"crime, law and justice"
634, iyaxolelwa inkosikazi ephingile ,human interest
635, funda izindlela ezintsha zokonga imali esitokofeleni sakho ,"economy, business and finance"
636, ubafuna ngobuningi babo kowe anc ,politics
637, uzovela oshayise iphoyisa limumisa ,"crime, law and justice"
638, ushayele isipiki ngomhlalaphansi ,"economy, business and finance"
639, ulaka ngomfundi oshayelwe ukuhleka ,"disaster, accident and emergency incident"
640, buka umalema uchaza ngokungaphazanyiswa kukaramaphosa ephalamende ,politics
641, omakhelwane baphawula ngokufa kwabathathu eflethini ethekwini ,"crime, law and justice"
642, ufakazi umphonsa emgodini ujiba ,"crime, law and justice"
643, imibono umthetho usebenza kanjani kowetheku ,politics
644, wavula inkampani engeneliswa yiholo ,labour
645, kuphenduluke imithandazo yabalandela ubushiri ,"crime, law and justice"
646, ngale kwemali ungajabula ngevalentine ,human interest
647, izobuyela kwi ifp ikwazulu natal msimango ,politics
648, bahleli esigangeni abadilizelwe imijondolo ,"conflict, war and peace"
649, izinyunyana zothisha zishaya amakhala ngekaramaphosa ,education
650,http://www.isolezwe.co.za/ezemidlalo/imibono akashenxe ubobby kubuye injabulo kwichiefs ,sport
651, odilika neminyaka kwababulala abasehostela ,"crime, law and justice"
652, uchaza ngokushaqwa kwempahla yabadayisayo ,politics
653, ushiye umyalezo ngemfuyo obulewe ,"crime, law and justice"
654, kuzohlomula intsha enamabhizinisi ,"economy, business and finance"
655, badinwe yisinqumo senkantolo ngozakwabo ,"crime, law and justice"
656, inkabi iyacula ngelokusoconga ikhansela ,"crime, law and justice"
657, undunankulu ukhuthazwe imibono ,society
658, ungqongqoshe uzosiza ngezicathulo izingane ezihlwempu ezikoleni ,society
659, baklajwe bafa besolwa ngobuphara ,"crime, law and justice"
660, inkantolo ivune abaqaphe eyakwampisane ,"economy, business and finance"
661, geza igama lakho uma usubizwe kwekazondo ,"economy, business and finance"
662, abe anc bacikwa yimeya esaba otokoloshe emotweni ,"crime, law and justice"
663, kulamule amaphoyisa ithathana edut ,"conflict, war and peace"
664, uza ekzn umbukiso wabahwebi ,"economy, business and finance"
665, okulindeleke ukuba kube seqhulwini kwekamchunu ,politics
666, imibono unyazi sicela luthethelele abagcotshwa abamisiwe ,religion and belief
667, obekuhlupha umentor kwikhomishini ,"crime, law and justice"
668, imibono simanzonzo isimo ngokuwa kwenkampani eyenza ijuba ,labour
669, ubhukulele ukuthuthukisa ezasemakhaya ,"arts, culture, entertainment and media"
670, usalila obanjwe inkunzi nguscabha etekisini ,"crime, law and justice"
671, imibono umthethosisekelo waba yingcwaba lokugcina komnyama ,religion and belief
672, imibono abahlaziyi abayeke ukugxeka ushenge ,politics
673, kungezwe ezinye izigidi kusizwa intsha ,"economy, business and finance"
674, basabisa ngomthetho abeyetheku ,politics
675, kusabanjwe umoya ngamatekisi emlaza ,"crime, law and justice"
676, ishe yangqongqa impahla yabadayisi ,"disaster, accident and emergency incident"
677, uzondo uzocubungula ekazuma ,"crime, law and justice"
678, esinye isikhalo ngengqungquthela ye ifp ,politics
679, usemisiwe ongeneme ngokhetho kwi ifp ,politics
680, kusolwa imbawula ngokusha kwemijondolo ,"disaster, accident and emergency incident"
681, kubulawe onogada kugqekezwa esikoleni ,"crime, law and justice"
682, imibono uma sewazi ngeke ubulale umuntu okubize ngongeyikho ,"disaster, accident and emergency incident"
683, ihhovisi lomvikeli engcupheni ,politics
684, uyokhangisa ngamawashi obuhlalu elondon ,"arts, culture, entertainment and media"
685, iphika inkohlakalo yethenda imeya yasekurhuleni ,"crime, law and justice"
686, amisiwe ukusebenza amared ants asatshwayo ,"crime, law and justice"
687, awahlehleli emuva amasosha emkmva ngemashi yawo ,politics
688, umunyu kuvela owabulala uyise ,"crime, law and justice"
689, bazoqashwa ngamaphoyisa abaqoqa udoti emlaza ,society
690, ukungathembeki kwezinga eliphezulu okwenziwa uhanekom ,politics
691, amaphoyisa amane kwelokuthumba ,"crime, law and justice"
692, kwebiwe ukudla kokuphekela abafundi ,"crime, law and justice"
693, i ifp ibhekene ngeziqu ne da ,politics
694, kabahambisani nesinqumo ngemeya yetheku ,politics
695, basola abathile kwi anc ngokugxambukela kwezetheku ,politics
696, umkhwebane akahlehli kwelomnikelo webosasa ,politics
697, umalema useka umkhwebane ,politics
698, imibono asingabi amadoda ngemikhaba nezimpandla kuphela bakwethu ,human interest
699, oweda nowe anc engozini yomgwaqo ,"disaster, accident and emergency incident"
700, oklebe bayazi ngezikhalo ngemeya yetheku ,"crime, law and justice"
701, inqwaba eboshelwe inkohlakalo ,"crime, law and justice"
702, injabulo kwethulwa uhlelo lukagesi enquthu ,politics
703, sizovulwa isikole esithikaziswe eyezigodi ,society
704, isililo ucele ezobakhalisa kwameyiwa ,sport
705, ubukhazikhazi kushadelwa u kg ,lifestyle and leisure
706, utinkler uncoma abadlali ngokuzimisela ,sport
707, izigebengu ezifana nomathe zifanelwe isigwebo sentambo   nfp ,"crime, law and justice"
708, kusenele isiboshwa sodumo lokweqa emajele ,religion and belief
709, bagcwale isibhedlela abangu  abadle inyama yenkomo ,health
710, isibalo sabaxhaswe yinsfas ,education
711, ubulawe ushevu obeba isikhaftini somfundi ,"crime, law and justice"
712, basobishini ojele ngokupotozwa kweziboshwa ,"crime, law and justice"
713, akuvikelwe abasolwa ngokuloya ,"crime, law and justice"
714, kume nse ukufunda enyuvesi izitshudeni zikhala ngensfas ,"crime, law and justice"
715, zisabisa ngokukuphinda lokho izitshudeni ,education
716, indlala yenza abantu bangalihloniphi idlozi lomuntu ,religion and belief
717, i nehawu ihlabela phambili neziteleka emanyuvesi ,"economy, business and finance"
718, uvalo empumalanga kudutshulwa osomatekisi ,"crime, law and justice"
719, kushubile osomatekisi bevimbezela abashayeli betaxify nabe uber ,"crime, law and justice"
720, uphendulwe iqhawe enkantolo ududuzane zuma malema ,"crime, law and justice"
721,ubuthelezi ukhanyisa indlela kwi hockey ,sport
722, abasemadolobheni abangayizwa  ,"economy, business and finance"
723, kuzophenywa indlela amaphoyisa aphila ngayo ,"crime, law and justice"
724, uboshiwe owesilisa  obezivikela ngogebhezi lukanina owafihlwa ngo  ,"crime, law and justice"
725, buka izithombe zabafunwa ngodlame lwasemabhida ,sport
726, funda umshoza ubhalele ubabes wodumo incwadi ezwelana naye ,"arts, culture, entertainment and media"
727, unqatshelwe ibheyili osephenduke umgodi onganukwanja emndenini wakhe ,politics
728, i anc emhlanganweni ophuthumayo ngolwevbs mutual bank ,"crime, law and justice"
729, ngifuna ukugeza igama lami ajay gupta ,"crime, law and justice"
730, kuningi okungaba yimbangela yokuhlaselwa wukhwantalala ,health
731, ukuchela ushibhoshi akuzibalekisi izinyoka ungoti ,society
732, kubhuntshe inkonzo kuvalwa elika omotoso ,"conflict, war and peace"
733, ujabulela ukushintsha kwempilo obenenkinga yokukhuluphala ,health
734, kufunwa amadoda abaleke   wesitolo olundi ,"crime, law and justice"
735, umfundisi unikele ngesidumbu sendodakazi esokeni ,society
736, ushade namadoda amabili ,society
737, funda izindlela zokunakekela umuntu onokhwantalala ,health
738, uzibulale ngesibhamu sephoyisa ,"crime, law and justice"
739, uzuma netulo lokuketula uramaphosa ,politics
740, uzombuleka izinqe uwilliams muthambi ,politics
741, sasithembisene ukuthi siyohlukaniswa wukufa nozolile ,"crime, law and justice"
742, isitshudeni nosizo kwabafeyilile ,human interest
743, sinyukile isibalo sabadlule ezingozini zomgwaqo ,"disaster, accident and emergency incident"
744, kubhubhe umndeni  kushayisana izimoto ,"disaster, accident and emergency incident"
745, uzobuyela enkantolo ngelizayo obulale izingane zakhe  ,"crime, law and justice"
746, uphenyo ngo omotoso okuthiwa ushumayela ngeselula esejele ,"crime, law and justice"
747, bakhungathekile imeya ishona ngokuzuma ,human interest
748, bacele ikhefu abe anc abasolwa emahlazweni ocansi ,"crime, law and justice"
749, ubonga uninakhulu ongasekho ophase ngamalengiso ,human interest
750, kuboshwe obanjwe nemali engaphezulu   ewumkokotelo ,"crime, law and justice"
751, uzimisele ngokuthula ubufakazi owayengukhomishan kwasars ,"economy, business and finance"
752, lidala itulo lokuthi ngisuswe zuma ,politics
